period,ISO_CNTRY_CODE,country_name,REFUSAL_DATE,REFUSAL_DATE_PARSED,PRDCT_CODE_DESC_TEXT,REFUSAL_CHARGES,mapped_charge_count,mapped_charge_codes,mapped_charge_categories,sps_tbt_category
2019-2023,EC,Ecuador,13-Jul-22,2022-07-13,"SHRIMP AND PRAWNS, AQUACULTURE HARVESTED FISHERY/SEAFOOD PRODUCTS",9,1,SALMONELLA-9,SPS,SPS
2019-2023,IN,India,19-Nov-20,2020-11-19,"SHRIMP AND PRAWNS, AQUACULTURE HARVESTED FISHERY/SEAFOOD PRODUCTS","9, 306",2,"INSANITARY-306, SALMONELLA-9",SPS,SPS
2019-2023,EC,Ecuador,18-Mar-22,2022-03-18,"SHRIMP AND PRAWNS, AQUACULTURE HARVESTED FISHERY/SEAFOOD PRODUCTS",249,1,FILTHY-249,SPS,SPS
2019-2023,IN,India,09-Dec-20,2020-12-09,"SHRIMP AND PRAWNS, AQUACULTURE HARVESTED FISHERY/SEAFOOD PRODUCTS",249,1,FILTHY-249,SPS,SPS
2019-2023,EC,Ecuador,10-Jan-23,2023-01-10,"SHRIMP AND PRAWNS, AQUACULTURE HARVESTED FISHERY/SEAFOOD PRODUCTS",3220,1,NITROFURAN-3220,SPS,SPS
2019-2023,IN,India,30-Apr-21,2021-04-30,"SHRIMP AND PRAWNS, AQUACULTURE HARVESTED FISHERY/SEAFOOD PRODUCTS","9, 306",2,"INSANITARY-306, SALMONELLA-9",SPS,SPS
2019-2023,IN,India,18-Nov-20,2020-11-18,"SHRIMP AND PRAWNS, AQUACULTURE HARVESTED FISHERY/SEAFOOD PRODUCTS","9, 306",2,"INSANITARY-306, SALMONELLA-9",SPS,SPS
2019-2023,IN,India,18-Nov-20,2020-11-18,"SHRIMP AND PRAWNS, AQUACULTURE HARVESTED FISHERY/SEAFOOD PRODUCTS","9, 2580",2,"MFRHACCP-2580, SALMONELLA-9",SPS,SPS
2019-2023,IN,India,21-Dec-20,2020-12-21,"SHRIMP AND PRAWNS, AQUACULTURE HARVESTED FISHERY/SEAFOOD PRODUCTS","9, 2580",2,"MFRHACCP-2580, SALMONELLA-9",SPS,SPS
2019-2023,IN,India,01-Dec-20,2020-12-01,"SHRIMP AND PRAWNS, AQUACULTURE HARVESTED FISHERY/SEAFOOD PRODUCTS",9,1,SALMONELLA-9,SPS,SPS
2019-2023,IN,India,04-Dec-20,2020-12-04,"SHRIMP AND PRAWNS, AQUACULTURE HARVESTED FISHERY/SEAFOOD PRODUCTS",249,1,FILTHY-249,SPS,SPS
2019-2023,IN,India,07-Apr-20,2020-04-07,"SHRIMP AND PRAWNS, AQUACULTURE HARVESTED FISHERY/SEAFOOD PRODUCTS","2860, 3220",2,"NITROFURAN-3220, VETDRUGRES-2860",SPS,SPS
2019-2023,IN,India,20-Nov-20,2020-11-20,"SHRIMP AND PRAWNS, AQUACULTURE HARVESTED FISHERY/SEAFOOD PRODUCTS","9, 9, 306, 306",2,"INSANITARY-306, SALMONELLA-9",SPS,SPS
2019-2023,IN,India,04-Jan-23,2023-01-04,"SHRIMP AND PRAWNS, AQUACULTURE HARVESTED FISHERY/SEAFOOD PRODUCTS",3220,1,NITROFURAN-3220,SPS,SPS
2019-2023,IN,India,17-Jan-21,2021-01-17,"SHRIMP AND PRAWNS, AQUACULTURE HARVESTED FISHERY/SEAFOOD PRODUCTS","9, 306",2,"INSANITARY-306, SALMONELLA-9",SPS,SPS
2019-2023,IN,India,10-Dec-20,2020-12-10,"SHRIMP AND PRAWNS, AQUACULTURE HARVESTED FISHERY/SEAFOOD PRODUCTS",249,1,FILTHY-249,SPS,SPS
2019-2023,IN,India,22-May-23,2023-05-22,"SHRIMP & PRAWNS, BREADED","9, 218, 249",3,"FILTHY-249, LIST INGRE-218, SALMONELLA-9","SPS, TBT",SPS+TBT
2019-2023,IN,India,23-Feb-21,2021-02-23,"SHRIMP AND PRAWNS, AQUACULTURE HARVESTED FISHERY/SEAFOOD PRODUCTS",249,1,FILTHY-249,SPS,SPS
2019-2023,IN,India,03-Oct-20,2020-10-03,"SHRIMP AND PRAWNS, AQUACULTURE HARVESTED FISHERY/SEAFOOD PRODUCTS",3885,1,POIS CHLOR-3885,SPS,SPS
2019-2023,EC,Ecuador,14-Nov-23,2023-11-14,"SHRIMP AND PRAWNS, AQUACULTURE HARVESTED FISHERY/SEAFOOD PRODUCTS",9,1,SALMONELLA-9,SPS,SPS
2019-2023,IN,India,30-Aug-21,2021-08-30,SHRIMP & PRAWNS,"9, 249",2,"FILTHY-249, SALMONELLA-9",SPS,SPS
2019-2023,VN,Vietnam,14-Jul-21,2021-07-14,"SHRIMP AND PRAWNS, AQUACULTURE HARVESTED FISHERY/SEAFOOD PRODUCTS","2860, 3220",2,"NITROFURAN-3220, VETDRUGRES-2860",SPS,SPS
2019-2023,VN,Vietnam,19-Oct-22,2022-10-19,"SHRIMP AND PRAWNS, AQUACULTURE HARVESTED FISHERY/SEAFOOD PRODUCTS",249,1,FILTHY-249,SPS,SPS
2019-2023,VN,Vietnam,19-Feb-21,2021-02-19,"SHRIMP AND PRAWNS, AQUACULTURE HARVESTED FISHERY/SEAFOOD PRODUCTS",2860,1,VETDRUGRES-2860,SPS,SPS
2019-2023,IN,India,29-Nov-23,2023-11-29,SHRIMP & PRAWNS,3220,1,NITROFURAN-3220,SPS,SPS
2019-2023,IN,India,21-Aug-20,2020-08-21,"SHRIMP AND PRAWNS, AQUACULTURE HARVESTED FISHERY/SEAFOOD PRODUCTS","9, 306",2,"INSANITARY-306, SALMONELLA-9",SPS,SPS
2019-2023,VN,Vietnam,15-Nov-21,2021-11-15,"SHRIMP AND PRAWNS, AQUACULTURE HARVESTED FISHERY/SEAFOOD PRODUCTS",3220,1,NITROFURAN-3220,SPS,SPS
2019-2023,EC,Ecuador,04-May-22,2022-05-04,"SHRIMP AND PRAWNS, AQUACULTURE HARVESTED FISHERY/SEAFOOD PRODUCTS",249,1,FILTHY-249,SPS,SPS
2019-2023,VN,Vietnam,12-Jun-23,2023-06-12,"SHRIMP & PRAWNS, BREADED",3220,1,NITROFURAN-3220,SPS,SPS
2019-2023,EC,Ecuador,10-Jan-23,2023-01-10,"SHRIMP AND PRAWNS, AQUACULTURE HARVESTED FISHERY/SEAFOOD PRODUCTS",3220,1,NITROFURAN-3220,SPS,SPS
2019-2023,IN,India,29-Nov-23,2023-11-29,SHRIMP & PRAWNS,3220,1,NITROFURAN-3220,SPS,SPS
2019-2023,IN,India,30-Apr-21,2021-04-30,"SHRIMP AND PRAWNS, AQUACULTURE HARVESTED FISHERY/SEAFOOD PRODUCTS","9, 306",2,"INSANITARY-306, SALMONELLA-9",SPS,SPS
2019-2023,IN,India,17-Jan-21,2021-01-17,"SHRIMP AND PRAWNS, AQUACULTURE HARVESTED FISHERY/SEAFOOD PRODUCTS","9, 249",2,"FILTHY-249, SALMONELLA-9",SPS,SPS
2019-2023,IN,India,04-Jan-21,2021-01-04,"SHRIMP AND PRAWNS, AQUACULTURE HARVESTED FISHERY/SEAFOOD PRODUCTS","9, 249",2,"FILTHY-249, SALMONELLA-9",SPS,SPS
2019-2023,IN,India,23-Feb-21,2021-02-23,"SHRIMP AND PRAWNS, AQUACULTURE HARVESTED FISHERY/SEAFOOD PRODUCTS",249,1,FILTHY-249,SPS,SPS
2019-2023,IN,India,29-Sep-23,2023-09-29,"SHRIMP AND PRAWNS, AQUACULTURE HARVESTED FISHERY/SEAFOOD PRODUCTS","2860, 3220",2,"NITROFURAN-3220, VETDRUGRES-2860",SPS,SPS
2019-2023,IN,India,12-Oct-23,2023-10-12,"SHRIMP AND PRAWNS, AQUACULTURE HARVESTED FISHERY/SEAFOOD PRODUCTS","2860, 3220",2,"NITROFURAN-3220, VETDRUGRES-2860",SPS,SPS
2019-2023,IN,India,24-Jun-21,2021-06-24,"SHRIMP AND PRAWNS, AQUACULTURE HARVESTED FISHERY/SEAFOOD PRODUCTS","9, 249",2,"FILTHY-249, SALMONELLA-9",SPS,SPS
2019-2023,IN,India,04-Dec-20,2020-12-04,"SHRIMP AND PRAWNS, AQUACULTURE HARVESTED FISHERY/SEAFOOD PRODUCTS",249,1,FILTHY-249,SPS,SPS
2019-2023,IN,India,11-Dec-20,2020-12-11,"SHRIMP AND PRAWNS, AQUACULTURE HARVESTED FISHERY/SEAFOOD PRODUCTS","9, 306",2,"INSANITARY-306, SALMONELLA-9",SPS,SPS
2019-2023,IN,India,08-Jun-23,2023-06-08,"SHRIMP AND PRAWNS, AQUACULTURE HARVESTED FISHERY/SEAFOOD PRODUCTS",2860,1,VETDRUGRES-2860,SPS,SPS
2019-2023,IN,India,16-May-22,2022-05-16,"SHRIMP AND PRAWNS, AQUACULTURE HARVESTED FISHERY/SEAFOOD PRODUCTS","2860, 3220",2,"NITROFURAN-3220, VETDRUGRES-2860",SPS,SPS
2019-2023,IN,India,26-Jan-21,2021-01-26,"SHRIMP AND PRAWNS, AQUACULTURE HARVESTED FISHERY/SEAFOOD PRODUCTS",3220,1,NITROFURAN-3220,SPS,SPS
2019-2023,IN,India,02-Sep-21,2021-09-02,"SHRIMP AND PRAWNS, AQUACULTURE HARVESTED FISHERY/SEAFOOD PRODUCTS",9,1,SALMONELLA-9,SPS,SPS
2019-2023,IN,India,04-Jan-21,2021-01-04,"SHRIMP AND PRAWNS, AQUACULTURE HARVESTED FISHERY/SEAFOOD PRODUCTS","9, 249",2,"FILTHY-249, SALMONELLA-9",SPS,SPS
2019-2023,IN,India,19-Nov-20,2020-11-19,"SHRIMP AND PRAWNS, AQUACULTURE HARVESTED FISHERY/SEAFOOD PRODUCTS","9, 306",2,"INSANITARY-306, SALMONELLA-9",SPS,SPS
2019-2023,IN,India,04-Dec-20,2020-12-04,"SHRIMP AND PRAWNS, AQUACULTURE HARVESTED FISHERY/SEAFOOD PRODUCTS",249,1,FILTHY-249,SPS,SPS
2019-2023,IN,India,10-Dec-20,2020-12-10,"SHRIMP AND PRAWNS, AQUACULTURE HARVESTED FISHERY/SEAFOOD PRODUCTS",249,1,FILTHY-249,SPS,SPS
2019-2023,IN,India,15-Aug-22,2022-08-15,"SHRIMP AND PRAWNS, AQUACULTURE HARVESTED FISHERY/SEAFOOD PRODUCTS","3220, 3885",2,"NITROFURAN-3220, POIS CHLOR-3885",SPS,SPS
2019-2023,IN,India,20-Nov-20,2020-11-20,"SHRIMP AND PRAWNS, AQUACULTURE HARVESTED FISHERY/SEAFOOD PRODUCTS","9, 306",2,"INSANITARY-306, SALMONELLA-9",SPS,SPS
2019-2023,IN,India,11-Dec-20,2020-12-11,"SHRIMP AND PRAWNS, AQUACULTURE HARVESTED FISHERY/SEAFOOD PRODUCTS","9, 306",2,"INSANITARY-306, SALMONELLA-9",SPS,SPS
2019-2023,IN,India,10-Dec-20,2020-12-10,"SHRIMP AND PRAWNS, AQUACULTURE HARVESTED FISHERY/SEAFOOD PRODUCTS",249,1,FILTHY-249,SPS,SPS
2019-2023,IN,India,28-Dec-20,2020-12-28,"SHRIMP AND PRAWNS, AQUACULTURE HARVESTED FISHERY/SEAFOOD PRODUCTS","9, 249",2,"FILTHY-249, SALMONELLA-9",SPS,SPS
2019-2023,IN,India,21-Jun-21,2021-06-21,"SHRIMP AND PRAWNS, AQUACULTURE HARVESTED FISHERY/SEAFOOD PRODUCTS",9,1,SALMONELLA-9,SPS,SPS
2019-2023,IN,India,18-Nov-20,2020-11-18,"SHRIMP AND PRAWNS, AQUACULTURE HARVESTED FISHERY/SEAFOOD PRODUCTS","9, 306",2,"INSANITARY-306, SALMONELLA-9",SPS,SPS
2019-2023,IN,India,23-Nov-20,2020-11-23,"SHRIMP AND PRAWNS, AQUACULTURE HARVESTED FISHERY/SEAFOOD PRODUCTS",9,1,SALMONELLA-9,SPS,SPS
2019-2023,IN,India,24-Mar-21,2021-03-24,"SHRIMP AND PRAWNS, AQUACULTURE HARVESTED FISHERY/SEAFOOD PRODUCTS",249,1,FILTHY-249,SPS,SPS
2019-2023,VN,Vietnam,18-Mar-21,2021-03-18,"SHRIMP AND PRAWNS, AQUACULTURE HARVESTED FISHERY/SEAFOOD PRODUCTS",3220,1,NITROFURAN-3220,SPS,SPS
2019-2023,EC,Ecuador,13-May-22,2022-05-13,"SHRIMP AND PRAWNS, AQUACULTURE HARVESTED FISHERY/SEAFOOD PRODUCTS",9,1,SALMONELLA-9,SPS,SPS
2019-2023,IN,India,21-Jun-21,2021-06-21,"SHRIMP AND PRAWNS, AQUACULTURE HARVESTED FISHERY/SEAFOOD PRODUCTS",9,1,SALMONELLA-9,SPS,SPS
2019-2023,IN,India,13-Apr-22,2022-04-13,"SHRIMP AND PRAWNS, AQUACULTURE HARVESTED FISHERY/SEAFOOD PRODUCTS",249,1,FILTHY-249,SPS,SPS
2019-2023,IN,India,10-Dec-20,2020-12-10,"SHRIMP AND PRAWNS, AQUACULTURE HARVESTED FISHERY/SEAFOOD PRODUCTS",249,1,FILTHY-249,SPS,SPS
2019-2023,IN,India,16-May-22,2022-05-16,"SHRIMP AND PRAWNS, AQUACULTURE HARVESTED FISHERY/SEAFOOD PRODUCTS","2860, 3220",2,"NITROFURAN-3220, VETDRUGRES-2860",SPS,SPS
2019-2023,EC,Ecuador,07-Apr-22,2022-04-07,"SHRIMP AND PRAWNS, AQUACULTURE HARVESTED FISHERY/SEAFOOD PRODUCTS",9,1,SALMONELLA-9,SPS,SPS
2019-2023,EC,Ecuador,10-Jan-23,2023-01-10,"SHRIMP AND PRAWNS, AQUACULTURE HARVESTED FISHERY/SEAFOOD PRODUCTS",3220,1,NITROFURAN-3220,SPS,SPS
2019-2023,IN,India,08-Apr-21,2021-04-08,SHRIMP & PRAWNS,"9, 249",2,"FILTHY-249, SALMONELLA-9",SPS,SPS
2019-2023,IN,India,11-Jul-22,2022-07-11,"SHRIMP AND PRAWNS, AQUACULTURE HARVESTED FISHERY/SEAFOOD PRODUCTS",3220,1,NITROFURAN-3220,SPS,SPS
2019-2023,EC,Ecuador,07-Apr-22,2022-04-07,"SHRIMP AND PRAWNS, AQUACULTURE HARVESTED FISHERY/SEAFOOD PRODUCTS",9,1,SALMONELLA-9,SPS,SPS
2019-2023,VN,Vietnam,13-Mar-23,2023-03-13,"SHRIMP AND PRAWNS, AQUACULTURE HARVESTED FISHERY/SEAFOOD PRODUCTS",2860,1,VETDRUGRES-2860,SPS,SPS
2019-2023,IN,India,01-Apr-20,2020-04-01,"SHRIMP AND PRAWNS, AQUACULTURE HARVESTED FISHERY/SEAFOOD PRODUCTS",249,1,FILTHY-249,SPS,SPS
2019-2023,IN,India,30-Apr-21,2021-04-30,"SHRIMP AND PRAWNS, AQUACULTURE HARVESTED FISHERY/SEAFOOD PRODUCTS","9, 306",2,"INSANITARY-306, SALMONELLA-9",SPS,SPS
2019-2023,IN,India,17-Jun-22,2022-06-17,"SHRIMP AND PRAWNS, AQUACULTURE HARVESTED FISHERY/SEAFOOD PRODUCTS",2860,1,VETDRUGRES-2860,SPS,SPS
2019-2023,IN,India,14-Apr-23,2023-04-14,"SHRIMP AND PRAWNS, AQUACULTURE HARVESTED FISHERY/SEAFOOD PRODUCTS",9,1,SALMONELLA-9,SPS,SPS
2019-2023,IN,India,01-Apr-21,2021-04-01,"SHRIMP AND PRAWNS, AQUACULTURE HARVESTED FISHERY/SEAFOOD PRODUCTS","9, 249",2,"FILTHY-249, SALMONELLA-9",SPS,SPS
2019-2023,IN,India,27-Jan-23,2023-01-27,"SHRIMP AND PRAWNS, AQUACULTURE HARVESTED FISHERY/SEAFOOD PRODUCTS",249,1,FILTHY-249,SPS,SPS
2019-2023,IN,India,29-Sep-23,2023-09-29,"SHRIMP AND PRAWNS, AQUACULTURE HARVESTED FISHERY/SEAFOOD PRODUCTS","2860, 3220",2,"NITROFURAN-3220, VETDRUGRES-2860",SPS,SPS
2019-2023,IN,India,22-Jun-20,2020-06-22,"SHRIMP AND PRAWNS, AQUACULTURE HARVESTED FISHERY/SEAFOOD PRODUCTS","2860, 3220",2,"NITROFURAN-3220, VETDRUGRES-2860",SPS,SPS
2019-2023,IN,India,28-Mar-22,2022-03-28,"SHRIMP AND PRAWNS, AQUACULTURE HARVESTED FISHERY/SEAFOOD PRODUCTS","9, 249",2,"FILTHY-249, SALMONELLA-9",SPS,SPS
2019-2023,IN,India,27-Mar-23,2023-03-27,"SHRIMP AND PRAWNS, AQUACULTURE HARVESTED FISHERY/SEAFOOD PRODUCTS",9,1,SALMONELLA-9,SPS,SPS
2019-2023,EC,Ecuador,18-Mar-22,2022-03-18,"SHRIMP AND PRAWNS, AQUACULTURE HARVESTED FISHERY/SEAFOOD PRODUCTS",249,1,FILTHY-249,SPS,SPS
2019-2023,IN,India,28-Apr-20,2020-04-28,"SHRIMP AND PRAWNS, AQUACULTURE HARVESTED FISHERY/SEAFOOD PRODUCTS","9, 249",2,"FILTHY-249, SALMONELLA-9",SPS,SPS
2019-2023,IN,India,24-Feb-22,2022-02-24,"SHRIMP AND PRAWNS, AQUACULTURE HARVESTED FISHERY/SEAFOOD PRODUCTS","9, 249",2,"FILTHY-249, SALMONELLA-9",SPS,SPS
2019-2023,EC,Ecuador,11-Oct-23,2023-10-11,"SHRIMP AND PRAWNS, AQUACULTURE HARVESTED FISHERY/SEAFOOD PRODUCTS",9,1,SALMONELLA-9,SPS,SPS
2019-2023,IN,India,27-Jul-22,2022-07-27,"SHRIMP AND PRAWNS, AQUACULTURE HARVESTED FISHERY/SEAFOOD PRODUCTS","9, 249",2,"FILTHY-249, SALMONELLA-9",SPS,SPS
2019-2023,IN,India,15-Dec-20,2020-12-15,"SHRIMP AND PRAWNS, AQUACULTURE HARVESTED FISHERY/SEAFOOD PRODUCTS","9, 306",2,"INSANITARY-306, SALMONELLA-9",SPS,SPS
2019-2023,EC,Ecuador,04-May-22,2022-05-04,"SHRIMP AND PRAWNS, AQUACULTURE HARVESTED FISHERY/SEAFOOD PRODUCTS",249,1,FILTHY-249,SPS,SPS
2019-2023,IN,India,18-Sep-23,2023-09-18,"SHRIMP AND PRAWNS, AQUACULTURE HARVESTED FISHERY/SEAFOOD PRODUCTS","2860, 3220",2,"NITROFURAN-3220, VETDRUGRES-2860",SPS,SPS
2019-2023,IN,India,10-Dec-20,2020-12-10,"SHRIMP AND PRAWNS, AQUACULTURE HARVESTED FISHERY/SEAFOOD PRODUCTS",249,1,FILTHY-249,SPS,SPS
2019-2023,VN,Vietnam,15-Nov-22,2022-11-15,"SHRIMP AND PRAWNS, AQUACULTURE HARVESTED FISHERY/SEAFOOD PRODUCTS",9,1,SALMONELLA-9,SPS,SPS
2019-2023,IN,India,20-Nov-20,2020-11-20,"SHRIMP AND PRAWNS, AQUACULTURE HARVESTED FISHERY/SEAFOOD PRODUCTS",306,1,INSANITARY-306,SPS,SPS
2019-2023,IN,India,11-Dec-20,2020-12-11,"SHRIMP AND PRAWNS, AQUACULTURE HARVESTED FISHERY/SEAFOOD PRODUCTS","9, 306",2,"INSANITARY-306, SALMONELLA-9",SPS,SPS
2019-2023,IN,India,12-Dec-23,2023-12-12,"SHRIMP AND PRAWNS, AQUACULTURE HARVESTED FISHERY/SEAFOOD PRODUCTS",9,1,SALMONELLA-9,SPS,SPS
2019-2023,IN,India,04-Dec-23,2023-12-04,"SHRIMP AND PRAWNS, AQUACULTURE HARVESTED FISHERY/SEAFOOD PRODUCTS",249,1,FILTHY-249,SPS,SPS
2019-2023,IN,India,23-Feb-21,2021-02-23,"SHRIMP AND PRAWNS, AQUACULTURE HARVESTED FISHERY/SEAFOOD PRODUCTS",249,1,FILTHY-249,SPS,SPS
2019-2023,IN,India,30-Apr-21,2021-04-30,"SHRIMP AND PRAWNS, AQUACULTURE HARVESTED FISHERY/SEAFOOD PRODUCTS","9, 306",2,"INSANITARY-306, SALMONELLA-9",SPS,SPS
2019-2023,IN,India,18-Nov-20,2020-11-18,"SHRIMP AND PRAWNS, AQUACULTURE HARVESTED FISHERY/SEAFOOD PRODUCTS","9, 306",2,"INSANITARY-306, SALMONELLA-9",SPS,SPS
2019-2023,IN,India,03-Mar-21,2021-03-03,"SHRIMP AND PRAWNS, AQUACULTURE HARVESTED FISHERY/SEAFOOD PRODUCTS",9,1,SALMONELLA-9,SPS,SPS
2019-2023,IN,India,20-Nov-20,2020-11-20,"SHRIMP AND PRAWNS, AQUACULTURE HARVESTED FISHERY/SEAFOOD PRODUCTS","9, 306",2,"INSANITARY-306, SALMONELLA-9",SPS,SPS
2019-2023,IN,India,26-Jan-23,2023-01-26,SHRIMP & PRAWNS,"9, 249",2,"FILTHY-249, SALMONELLA-9",SPS,SPS
2019-2023,IN,India,24-Mar-21,2021-03-24,"SHRIMP AND PRAWNS, AQUACULTURE HARVESTED FISHERY/SEAFOOD PRODUCTS",249,1,FILTHY-249,SPS,SPS
2019-2023,IN,India,07-Jun-21,2021-06-07,"SHRIMP AND PRAWNS, AQUACULTURE HARVESTED FISHERY/SEAFOOD PRODUCTS","9, 249",2,"FILTHY-249, SALMONELLA-9",SPS,SPS
2019-2023,IN,India,29-Nov-22,2022-11-29,"SHRIMP AND PRAWNS, AQUACULTURE HARVESTED FISHERY/SEAFOOD PRODUCTS",3220,1,NITROFURAN-3220,SPS,SPS
2019-2023,IN,India,24-Feb-22,2022-02-24,"SHRIMP AND PRAWNS, AQUACULTURE HARVESTED FISHERY/SEAFOOD PRODUCTS","2900, 3885",2,"CHLORAMP-2900, POIS CHLOR-3885",SPS,SPS
2019-2023,IN,India,28-Aug-20,2020-08-28,"SHRIMP AND PRAWNS, AQUACULTURE HARVESTED FISHERY/SEAFOOD PRODUCTS","2860, 3220",2,"NITROFURAN-3220, VETDRUGRES-2860",SPS,SPS
2019-2023,IN,India,11-Mar-21,2021-03-11,"SHRIMP AND PRAWNS, AQUACULTURE HARVESTED FISHERY/SEAFOOD PRODUCTS","9, 306",2,"INSANITARY-306, SALMONELLA-9",SPS,SPS
2019-2023,IN,India,19-Nov-20,2020-11-19,"SHRIMP AND PRAWNS, AQUACULTURE HARVESTED FISHERY/SEAFOOD PRODUCTS",306,1,INSANITARY-306,SPS,SPS
2019-2023,IN,India,20-Nov-20,2020-11-20,"SHRIMP AND PRAWNS, AQUACULTURE HARVESTED FISHERY/SEAFOOD PRODUCTS","9, 306",2,"INSANITARY-306, SALMONELLA-9",SPS,SPS
2019-2023,IN,India,20-Nov-20,2020-11-20,"SHRIMP AND PRAWNS, AQUACULTURE HARVESTED FISHERY/SEAFOOD PRODUCTS","9, 306",2,"INSANITARY-306, SALMONELLA-9",SPS,SPS
2019-2023,IN,India,04-Jan-23,2023-01-04,"SHRIMP AND PRAWNS, AQUACULTURE HARVESTED FISHERY/SEAFOOD PRODUCTS",3220,1,NITROFURAN-3220,SPS,SPS
2019-2023,IN,India,25-Jul-23,2023-07-25,"SHRIMP AND PRAWNS, AQUACULTURE HARVESTED FISHERY/SEAFOOD PRODUCTS","9, 249",2,"FILTHY-249, SALMONELLA-9",SPS,SPS
2019-2023,IN,India,21-Oct-20,2020-10-21,"SHRIMP AND PRAWNS, AQUACULTURE HARVESTED FISHERY/SEAFOOD PRODUCTS","2860, 3220",2,"NITROFURAN-3220, VETDRUGRES-2860",SPS,SPS
2019-2023,IN,India,24-Feb-22,2022-02-24,"SHRIMP AND PRAWNS, AQUACULTURE HARVESTED FISHERY/SEAFOOD PRODUCTS","2900, 3885",2,"CHLORAMP-2900, POIS CHLOR-3885",SPS,SPS
2019-2023,IN,India,29-Nov-23,2023-11-29,SHRIMP & PRAWNS,3220,1,NITROFURAN-3220,SPS,SPS
2019-2023,IN,India,30-Dec-20,2020-12-30,"SHRIMP AND PRAWNS, AQUACULTURE HARVESTED FISHERY/SEAFOOD PRODUCTS","9, 2580",2,"MFRHACCP-2580, SALMONELLA-9",SPS,SPS
2019-2023,IN,India,17-Aug-23,2023-08-17,"SHRIMP AND PRAWNS, AQUACULTURE HARVESTED FISHERY/SEAFOOD PRODUCTS",9,1,SALMONELLA-9,SPS,SPS
2019-2023,IN,India,30-Apr-21,2021-04-30,"SHRIMP AND PRAWNS, AQUACULTURE HARVESTED FISHERY/SEAFOOD PRODUCTS","9, 306",2,"INSANITARY-306, SALMONELLA-9",SPS,SPS
2019-2023,IN,India,01-Dec-20,2020-12-01,"SHRIMP AND PRAWNS, AQUACULTURE HARVESTED FISHERY/SEAFOOD PRODUCTS",9,1,SALMONELLA-9,SPS,SPS
2019-2023,IN,India,04-Jan-23,2023-01-04,"SHRIMP AND PRAWNS, AQUACULTURE HARVESTED FISHERY/SEAFOOD PRODUCTS",3220,1,NITROFURAN-3220,SPS,SPS
2019-2023,IN,India,20-Nov-20,2020-11-20,"SHRIMP AND PRAWNS, AQUACULTURE HARVESTED FISHERY/SEAFOOD PRODUCTS","9, 306",2,"INSANITARY-306, SALMONELLA-9",SPS,SPS
2019-2023,IN,India,08-Nov-23,2023-11-08,"SHRIMP AND PRAWNS, AQUACULTURE HARVESTED FISHERY/SEAFOOD PRODUCTS","2860, 3220",2,"NITROFURAN-3220, VETDRUGRES-2860",SPS,SPS
2019-2023,IN,India,10-Feb-23,2023-02-10,"SHRIMP AND PRAWNS, AQUACULTURE HARVESTED FISHERY/SEAFOOD PRODUCTS",249,1,FILTHY-249,SPS,SPS
2019-2023,IN,India,24-Mar-21,2021-03-24,"SHRIMP AND PRAWNS, AQUACULTURE HARVESTED FISHERY/SEAFOOD PRODUCTS",249,1,FILTHY-249,SPS,SPS
2019-2023,VN,Vietnam,13-Jun-23,2023-06-13,"SHRIMP AND PRAWNS, AQUACULTURE HARVESTED FISHERY/SEAFOOD PRODUCTS","2860, 3220",2,"NITROFURAN-3220, VETDRUGRES-2860",SPS,SPS
2019-2023,EC,Ecuador,13-May-22,2022-05-13,"SHRIMP AND PRAWNS, AQUACULTURE HARVESTED FISHERY/SEAFOOD PRODUCTS",9,1,SALMONELLA-9,SPS,SPS
2019-2023,IN,India,16-Feb-23,2023-02-16,"SHRIMP AND PRAWNS, AQUACULTURE HARVESTED FISHERY/SEAFOOD PRODUCTS","9, 249",2,"FILTHY-249, SALMONELLA-9",SPS,SPS
2019-2023,IN,India,22-Apr-21,2021-04-22,"SHRIMP AND PRAWNS, AQUACULTURE HARVESTED FISHERY/SEAFOOD PRODUCTS",249,1,FILTHY-249,SPS,SPS
2019-2023,IN,India,02-Mar-23,2023-03-02,SHRIMP & PRAWNS,2860,1,VETDRUGRES-2860,SPS,SPS
2019-2023,VN,Vietnam,07-Apr-22,2022-04-07,"ORIENTAL NOODLES (FLAVORED WITH SHRIMP,CHICKEN,BEEF,LOBSTER,CRAB,PLAIN,ETC.)",249,1,FILTHY-249,SPS,SPS
2019-2023,IN,India,18-Nov-20,2020-11-18,"SHRIMP AND PRAWNS, AQUACULTURE HARVESTED FISHERY/SEAFOOD PRODUCTS","9, 306",2,"INSANITARY-306, SALMONELLA-9",SPS,SPS
2019-2023,IN,India,21-Jun-21,2021-06-21,"SHRIMP AND PRAWNS, AQUACULTURE HARVESTED FISHERY/SEAFOOD PRODUCTS",9,1,SALMONELLA-9,SPS,SPS
2019-2023,IN,India,04-Jan-23,2023-01-04,"SHRIMP AND PRAWNS, AQUACULTURE HARVESTED FISHERY/SEAFOOD PRODUCTS",3220,1,NITROFURAN-3220,SPS,SPS
2019-2023,IN,India,11-Apr-20,2020-04-11,"SHRIMP AND PRAWNS, AQUACULTURE HARVESTED FISHERY/SEAFOOD PRODUCTS","9, 249",2,"FILTHY-249, SALMONELLA-9",SPS,SPS
2019-2023,IN,India,11-Dec-20,2020-12-11,"SHRIMP AND PRAWNS, AQUACULTURE HARVESTED FISHERY/SEAFOOD PRODUCTS","9, 306",2,"INSANITARY-306, SALMONELLA-9",SPS,SPS
2019-2023,VN,Vietnam,26-Sep-22,2022-09-26,"SHRIMP AND PRAWNS, AQUACULTURE HARVESTED FISHERY/SEAFOOD PRODUCTS",249,1,FILTHY-249,SPS,SPS
2019-2023,IN,India,22-Feb-22,2022-02-22,"SHRIMP AND PRAWNS, AQUACULTURE HARVESTED FISHERY/SEAFOOD PRODUCTS","9, 249",2,"FILTHY-249, SALMONELLA-9",SPS,SPS
2019-2023,IN,India,29-Nov-23,2023-11-29,SHRIMP & PRAWNS,3220,1,NITROFURAN-3220,SPS,SPS
2019-2023,IN,India,07-Jun-22,2022-06-07,"SHRIMP AND PRAWNS, AQUACULTURE HARVESTED FISHERY/SEAFOOD PRODUCTS",2860,1,VETDRUGRES-2860,SPS,SPS
2019-2023,IN,India,17-Jun-22,2022-06-17,"SHRIMP AND PRAWNS, AQUACULTURE HARVESTED FISHERY/SEAFOOD PRODUCTS",2860,1,VETDRUGRES-2860,SPS,SPS
2019-2023,IN,India,20-Nov-20,2020-11-20,"SHRIMP AND PRAWNS, AQUACULTURE HARVESTED FISHERY/SEAFOOD PRODUCTS","9, 306",2,"INSANITARY-306, SALMONELLA-9",SPS,SPS
2019-2023,IN,India,16-Mar-22,2022-03-16,"SHRIMP AND PRAWNS, AQUACULTURE HARVESTED FISHERY/SEAFOOD PRODUCTS",3220,1,NITROFURAN-3220,SPS,SPS
2019-2023,IN,India,31-Mar-23,2023-03-31,"SHRIMP AND PRAWNS, AQUACULTURE HARVESTED FISHERY/SEAFOOD PRODUCTS","9, 249",2,"FILTHY-249, SALMONELLA-9",SPS,SPS
2019-2023,IN,India,02-Jul-21,2021-07-02,"SHRIMP AND PRAWNS, AQUACULTURE HARVESTED FISHERY/SEAFOOD PRODUCTS","2860, 3220",2,"NITROFURAN-3220, VETDRUGRES-2860",SPS,SPS
2019-2023,IN,India,16-May-22,2022-05-16,"SHRIMP AND PRAWNS, AQUACULTURE HARVESTED FISHERY/SEAFOOD PRODUCTS","2860, 3220",2,"NITROFURAN-3220, VETDRUGRES-2860",SPS,SPS
2019-2023,IN,India,04-Dec-23,2023-12-04,"SHRIMP AND PRAWNS, AQUACULTURE HARVESTED FISHERY/SEAFOOD PRODUCTS",249,1,FILTHY-249,SPS,SPS
2019-2023,VN,Vietnam,15-Nov-22,2022-11-15,"SHRIMP AND PRAWNS, AQUACULTURE HARVESTED FISHERY/SEAFOOD PRODUCTS",9,1,SALMONELLA-9,SPS,SPS
2019-2023,IN,India,26-Mar-21,2021-03-26,"SHRIMP AND PRAWNS, AQUACULTURE HARVESTED FISHERY/SEAFOOD PRODUCTS",249,1,FILTHY-249,SPS,SPS
2019-2023,EC,Ecuador,18-Mar-22,2022-03-18,"SHRIMP AND PRAWNS, AQUACULTURE HARVESTED FISHERY/SEAFOOD PRODUCTS",249,1,FILTHY-249,SPS,SPS
2019-2023,IN,India,18-Apr-23,2023-04-18,"SHRIMP AND PRAWNS, AQUACULTURE HARVESTED FISHERY/SEAFOOD PRODUCTS","9, 249",2,"FILTHY-249, SALMONELLA-9",SPS,SPS
2019-2023,IN,India,14-Dec-20,2020-12-14,"SHRIMP AND PRAWNS, AQUACULTURE HARVESTED FISHERY/SEAFOOD PRODUCTS",2860,1,VETDRUGRES-2860,SPS,SPS
2019-2023,IN,India,01-Feb-23,2023-02-01,SHRIMP & PRAWNS,"2860, 3220",2,"NITROFURAN-3220, VETDRUGRES-2860",SPS,SPS
2019-2023,IN,India,30-Apr-21,2021-04-30,"SHRIMP AND PRAWNS, AQUACULTURE HARVESTED FISHERY/SEAFOOD PRODUCTS","9, 306",2,"INSANITARY-306, SALMONELLA-9",SPS,SPS
2019-2023,EC,Ecuador,04-May-22,2022-05-04,"SHRIMP AND PRAWNS, AQUACULTURE HARVESTED FISHERY/SEAFOOD PRODUCTS",249,1,FILTHY-249,SPS,SPS
2019-2023,IN,India,12-Oct-23,2023-10-12,"SHRIMP AND PRAWNS, AQUACULTURE HARVESTED FISHERY/SEAFOOD PRODUCTS","2860, 3220",2,"NITROFURAN-3220, VETDRUGRES-2860",SPS,SPS
2019-2023,IN,India,29-Sep-23,2023-09-29,"SHRIMP AND PRAWNS, AQUACULTURE HARVESTED FISHERY/SEAFOOD PRODUCTS","2860, 3220",2,"NITROFURAN-3220, VETDRUGRES-2860",SPS,SPS
2019-2023,IN,India,11-Dec-20,2020-12-11,"SHRIMP AND PRAWNS, AQUACULTURE HARVESTED FISHERY/SEAFOOD PRODUCTS","9, 306",2,"INSANITARY-306, SALMONELLA-9",SPS,SPS
2019-2023,IN,India,27-Jul-22,2022-07-27,"SHRIMP AND PRAWNS, AQUACULTURE HARVESTED FISHERY/SEAFOOD PRODUCTS","9, 249",2,"FILTHY-249, SALMONELLA-9",SPS,SPS
2019-2023,IN,India,11-May-23,2023-05-11,"SHRIMP AND PRAWNS, AQUACULTURE HARVESTED FISHERY/SEAFOOD PRODUCTS",249,1,FILTHY-249,SPS,SPS
2019-2023,IN,India,18-Nov-20,2020-11-18,"SHRIMP AND PRAWNS, AQUACULTURE HARVESTED FISHERY/SEAFOOD PRODUCTS","9, 2580",2,"MFRHACCP-2580, SALMONELLA-9",SPS,SPS
2019-2023,IN,India,10-Dec-20,2020-12-10,"SHRIMP AND PRAWNS, AQUACULTURE HARVESTED FISHERY/SEAFOOD PRODUCTS",249,1,FILTHY-249,SPS,SPS
2019-2023,IN,India,11-Jul-22,2022-07-11,"SHRIMP AND PRAWNS, AQUACULTURE HARVESTED FISHERY/SEAFOOD PRODUCTS",3220,1,NITROFURAN-3220,SPS,SPS
2019-2023,IN,India,04-Dec-20,2020-12-04,"SHRIMP AND PRAWNS, AQUACULTURE HARVESTED FISHERY/SEAFOOD PRODUCTS",249,1,FILTHY-249,SPS,SPS
2019-2023,IN,India,10-Dec-20,2020-12-10,"SHRIMP AND PRAWNS, AQUACULTURE HARVESTED FISHERY/SEAFOOD PRODUCTS",249,1,FILTHY-249,SPS,SPS
2019-2023,VN,Vietnam,01-Feb-22,2022-02-01,"SHRIMP AND PRAWNS, AQUACULTURE HARVESTED FISHERY/SEAFOOD PRODUCTS","2860, 3220",2,"NITROFURAN-3220, VETDRUGRES-2860",SPS,SPS
2019-2023,IN,India,27-Jul-22,2022-07-27,"SHRIMP AND PRAWNS, AQUACULTURE HARVESTED FISHERY/SEAFOOD PRODUCTS","9, 249",2,"FILTHY-249, SALMONELLA-9",SPS,SPS
2019-2023,IN,India,30-Apr-21,2021-04-30,"SHRIMP AND PRAWNS, AQUACULTURE HARVESTED FISHERY/SEAFOOD PRODUCTS","9, 9, 306, 306",2,"INSANITARY-306, SALMONELLA-9",SPS,SPS
2019-2023,IN,India,12-Oct-23,2023-10-12,"SHRIMP AND PRAWNS, AQUACULTURE HARVESTED FISHERY/SEAFOOD PRODUCTS","2860, 3220",2,"NITROFURAN-3220, VETDRUGRES-2860",SPS,SPS
2019-2023,IN,India,18-Nov-20,2020-11-18,"SHRIMP AND PRAWNS, AQUACULTURE HARVESTED FISHERY/SEAFOOD PRODUCTS","9, 306",2,"INSANITARY-306, SALMONELLA-9",SPS,SPS
2019-2023,IN,India,27-Aug-21,2021-08-27,"SHRIMP AND PRAWNS, AQUACULTURE HARVESTED FISHERY/SEAFOOD PRODUCTS",9,1,SALMONELLA-9,SPS,SPS
2019-2023,IN,India,14-Apr-23,2023-04-14,"SHRIMP AND PRAWNS, AQUACULTURE HARVESTED FISHERY/SEAFOOD PRODUCTS",9,1,SALMONELLA-9,SPS,SPS
2019-2023,VN,Vietnam,17-Sep-21,2021-09-17,"SHRIMP AND PRAWNS, AQUACULTURE HARVESTED FISHERY/SEAFOOD PRODUCTS","2860, 3220",2,"NITROFURAN-3220, VETDRUGRES-2860",SPS,SPS
2019-2023,IN,India,04-Jan-21,2021-01-04,"SHRIMP AND PRAWNS, AQUACULTURE HARVESTED FISHERY/SEAFOOD PRODUCTS","9, 249",2,"FILTHY-249, SALMONELLA-9",SPS,SPS
2019-2023,VN,Vietnam,07-Jul-21,2021-07-07,"ORIENTAL NOODLES (FLAVORED WITH SHRIMP,CHICKEN,BEEF,LOBSTER,CRAB,PLAIN,ETC.)",11,1,UNSAFE COL-11,SPS,SPS
2019-2023,IN,India,25-Apr-23,2023-04-25,"SHRIMP AND PRAWNS, AQUACULTURE HARVESTED FISHERY/SEAFOOD PRODUCTS","2860, 3220",2,"NITROFURAN-3220, VETDRUGRES-2860",SPS,SPS
2019-2023,VN,Vietnam,02-Sep-21,2021-09-02,"SHRIMP AND PRAWNS, AQUACULTURE HARVESTED FISHERY/SEAFOOD PRODUCTS",3220,1,NITROFURAN-3220,SPS,SPS
2019-2023,VN,Vietnam,22-Jun-22,2022-06-22,"SHRIMP AND PRAWNS, AQUACULTURE HARVESTED FISHERY/SEAFOOD PRODUCTS",241,1,PESTICIDE-241,SPS,SPS
2019-2023,VN,Vietnam,11-Jan-22,2022-01-11,"SHRIMP AND PRAWNS, AQUACULTURE HARVESTED FISHERY/SEAFOOD PRODUCTS",241,1,PESTICIDE-241,SPS,SPS
2019-2023,IN,India,11-Dec-20,2020-12-11,"SHRIMP AND PRAWNS, AQUACULTURE HARVESTED FISHERY/SEAFOOD PRODUCTS","9, 306",2,"INSANITARY-306, SALMONELLA-9",SPS,SPS
2019-2023,IN,India,20-Nov-20,2020-11-20,"SHRIMP AND PRAWNS, AQUACULTURE HARVESTED FISHERY/SEAFOOD PRODUCTS","9, 306",2,"INSANITARY-306, SALMONELLA-9",SPS,SPS
2019-2023,IN,India,15-Aug-22,2022-08-15,"SHRIMP AND PRAWNS, AQUACULTURE HARVESTED FISHERY/SEAFOOD PRODUCTS",3220,1,NITROFURAN-3220,SPS,SPS
2019-2023,IN,India,30-Aug-21,2021-08-30,"SHRIMP AND PRAWNS, AQUACULTURE HARVESTED FISHERY/SEAFOOD PRODUCTS",9,1,SALMONELLA-9,SPS,SPS
2019-2023,IN,India,12-Jul-22,2022-07-12,"SHRIMP AND PRAWNS, AQUACULTURE HARVESTED FISHERY/SEAFOOD PRODUCTS","9, 249",2,"FILTHY-249, SALMONELLA-9",SPS,SPS
2019-2023,IN,India,08-Feb-21,2021-02-08,"SHRIMP AND PRAWNS, AQUACULTURE HARVESTED FISHERY/SEAFOOD PRODUCTS","2860, 3220",2,"NITROFURAN-3220, VETDRUGRES-2860",SPS,SPS
2019-2023,IN,India,22-May-23,2023-05-22,"SHRIMP AND PRAWNS, AQUACULTURE HARVESTED FISHERY/SEAFOOD PRODUCTS","2860, 3220",2,"NITROFURAN-3220, VETDRUGRES-2860",SPS,SPS
2019-2023,IN,India,17-Mar-23,2023-03-17,"SHRIMP AND PRAWNS, AQUACULTURE HARVESTED FISHERY/SEAFOOD PRODUCTS",9,1,SALMONELLA-9,SPS,SPS
2019-2023,EC,Ecuador,02-May-22,2022-05-02,"SHRIMP AND PRAWNS, AQUACULTURE HARVESTED FISHERY/SEAFOOD PRODUCTS",249,1,FILTHY-249,SPS,SPS
2019-2023,IN,India,21-Aug-20,2020-08-21,"SHRIMP AND PRAWNS, AQUACULTURE HARVESTED FISHERY/SEAFOOD PRODUCTS","9, 306",2,"INSANITARY-306, SALMONELLA-9",SPS,SPS
2019-2023,IN,India,20-Nov-20,2020-11-20,"SHRIMP AND PRAWNS, AQUACULTURE HARVESTED FISHERY/SEAFOOD PRODUCTS","9, 306",2,"INSANITARY-306, SALMONELLA-9",SPS,SPS
2019-2023,IN,India,22-Apr-21,2021-04-22,"SHRIMP AND PRAWNS, AQUACULTURE HARVESTED FISHERY/SEAFOOD PRODUCTS",249,1,FILTHY-249,SPS,SPS
2019-2023,IN,India,23-Feb-21,2021-02-23,"SHRIMP AND PRAWNS, AQUACULTURE HARVESTED FISHERY/SEAFOOD PRODUCTS",249,1,FILTHY-249,SPS,SPS
2019-2023,IN,India,09-Aug-21,2021-08-09,"SHRIMP AND PRAWNS, AQUACULTURE HARVESTED FISHERY/SEAFOOD PRODUCTS","9, 249",2,"FILTHY-249, SALMONELLA-9",SPS,SPS
2019-2023,IN,India,21-Jun-21,2021-06-21,"SHRIMP AND PRAWNS, AQUACULTURE HARVESTED FISHERY/SEAFOOD PRODUCTS",9,1,SALMONELLA-9,SPS,SPS
2019-2023,IN,India,21-Apr-22,2022-04-21,"SHRIMP AND PRAWNS, AQUACULTURE HARVESTED FISHERY/SEAFOOD PRODUCTS",2860,1,VETDRUGRES-2860,SPS,SPS
2019-2023,VN,Vietnam,19-Feb-21,2021-02-19,"SHRIMP AND PRAWNS, AQUACULTURE HARVESTED FISHERY/SEAFOOD PRODUCTS",2860,1,VETDRUGRES-2860,SPS,SPS
2019-2023,IN,India,24-Feb-23,2023-02-24,"SHRIMP AND PRAWNS, AQUACULTURE HARVESTED FISHERY/SEAFOOD PRODUCTS",249,1,FILTHY-249,SPS,SPS
2019-2023,IN,India,18-Nov-20,2020-11-18,"SHRIMP AND PRAWNS, AQUACULTURE HARVESTED FISHERY/SEAFOOD PRODUCTS","9, 306",2,"INSANITARY-306, SALMONELLA-9",SPS,SPS
2019-2023,IN,India,17-Jun-22,2022-06-17,"SHRIMP AND PRAWNS, AQUACULTURE HARVESTED FISHERY/SEAFOOD PRODUCTS",2860,1,VETDRUGRES-2860,SPS,SPS
2019-2023,IN,India,18-Nov-20,2020-11-18,"SHRIMP AND PRAWNS, AQUACULTURE HARVESTED FISHERY/SEAFOOD PRODUCTS","9, 306",2,"INSANITARY-306, SALMONELLA-9",SPS,SPS
2019-2023,IN,India,02-Apr-20,2020-04-02,"SHRIMP AND PRAWNS, AQUACULTURE HARVESTED FISHERY/SEAFOOD PRODUCTS","2860, 3220",2,"NITROFURAN-3220, VETDRUGRES-2860",SPS,SPS
2019-2023,IN,India,04-Jan-21,2021-01-04,"SHRIMP AND PRAWNS, AQUACULTURE HARVESTED FISHERY/SEAFOOD PRODUCTS","9, 249",2,"FILTHY-249, SALMONELLA-9",SPS,SPS
2019-2023,VN,Vietnam,15-Jul-21,2021-07-15,SHRIMP & PRAWNS,249,1,FILTHY-249,SPS,SPS
2019-2023,IN,India,12-Jul-21,2021-07-12,"SHRIMP AND PRAWNS, AQUACULTURE HARVESTED FISHERY/SEAFOOD PRODUCTS",249,1,FILTHY-249,SPS,SPS
2019-2023,EC,Ecuador,13-May-22,2022-05-13,"SHRIMP AND PRAWNS, AQUACULTURE HARVESTED FISHERY/SEAFOOD PRODUCTS",9,1,SALMONELLA-9,SPS,SPS
2019-2023,VN,Vietnam,18-Aug-22,2022-08-18,"SHRIMP AND PRAWNS, AQUACULTURE HARVESTED FISHERY/SEAFOOD PRODUCTS","2860, 3220",2,"NITROFURAN-3220, VETDRUGRES-2860",SPS,SPS
2019-2023,IN,India,20-Nov-20,2020-11-20,"SHRIMP AND PRAWNS, AQUACULTURE HARVESTED FISHERY/SEAFOOD PRODUCTS","9, 306",2,"INSANITARY-306, SALMONELLA-9",SPS,SPS
2019-2023,IN,India,16-Oct-20,2020-10-16,"SHRIMP AND PRAWNS, AQUACULTURE HARVESTED FISHERY/SEAFOOD PRODUCTS",9,1,SALMONELLA-9,SPS,SPS
2019-2023,IN,India,17-Jun-22,2022-06-17,"SHRIMP AND PRAWNS, AQUACULTURE HARVESTED FISHERY/SEAFOOD PRODUCTS",2860,1,VETDRUGRES-2860,SPS,SPS
2019-2023,IN,India,30-Apr-21,2021-04-30,"SHRIMP AND PRAWNS, AQUACULTURE HARVESTED FISHERY/SEAFOOD PRODUCTS","9, 306",2,"INSANITARY-306, SALMONELLA-9",SPS,SPS
2019-2023,IN,India,02-Jun-22,2022-06-02,"SHRIMP AND PRAWNS, AQUACULTURE HARVESTED FISHERY/SEAFOOD PRODUCTS","249, 320",2,"FILTHY-249, LACKS FIRM-320","SPS, TBT",SPS+TBT
2019-2023,IN,India,03-May-22,2022-05-03,"SHRIMP AND PRAWNS, AQUACULTURE HARVESTED FISHERY/SEAFOOD PRODUCTS","9, 249",2,"FILTHY-249, SALMONELLA-9",SPS,SPS
2019-2023,IN,India,29-Sep-23,2023-09-29,"SHRIMP AND PRAWNS, AQUACULTURE HARVESTED FISHERY/SEAFOOD PRODUCTS","2860, 3220",2,"NITROFURAN-3220, VETDRUGRES-2860",SPS,SPS
2019-2023,IN,India,08-May-23,2023-05-08,"SHRIMP AND PRAWNS, AQUACULTURE HARVESTED FISHERY/SEAFOOD PRODUCTS",249,1,FILTHY-249,SPS,SPS
2019-2023,IN,India,08-Jun-22,2022-06-08,SHRIMP & PRAWNS,"9, 249, 249",2,"FILTHY-249, SALMONELLA-9",SPS,SPS
2019-2023,IN,India,16-May-22,2022-05-16,"SHRIMP AND PRAWNS, AQUACULTURE HARVESTED FISHERY/SEAFOOD PRODUCTS","2860, 3220",2,"NITROFURAN-3220, VETDRUGRES-2860",SPS,SPS
2019-2023,IN,India,24-Feb-22,2022-02-24,"SHRIMP AND PRAWNS, AQUACULTURE HARVESTED FISHERY/SEAFOOD PRODUCTS","2900, 3885",2,"CHLORAMP-2900, POIS CHLOR-3885",SPS,SPS
2019-2023,IN,India,10-Oct-23,2023-10-10,"SHRIMP AND PRAWNS, AQUACULTURE HARVESTED FISHERY/SEAFOOD PRODUCTS",249,1,FILTHY-249,SPS,SPS
2019-2023,VN,Vietnam,19-Feb-21,2021-02-19,"SHRIMP AND PRAWNS, AQUACULTURE HARVESTED FISHERY/SEAFOOD PRODUCTS",2860,1,VETDRUGRES-2860,SPS,SPS
2019-2023,IN,India,14-Apr-23,2023-04-14,"SHRIMP AND PRAWNS, AQUACULTURE HARVESTED FISHERY/SEAFOOD PRODUCTS",9,1,SALMONELLA-9,SPS,SPS
2019-2023,IN,India,04-Jan-23,2023-01-04,"SHRIMP AND PRAWNS, AQUACULTURE HARVESTED FISHERY/SEAFOOD PRODUCTS",3220,1,NITROFURAN-3220,SPS,SPS
2019-2023,IN,India,17-Jan-21,2021-01-17,"SHRIMP AND PRAWNS, AQUACULTURE HARVESTED FISHERY/SEAFOOD PRODUCTS","9, 249",2,"FILTHY-249, SALMONELLA-9",SPS,SPS
2019-2023,IN,India,15-Dec-20,2020-12-15,"SHRIMP AND PRAWNS, AQUACULTURE HARVESTED FISHERY/SEAFOOD PRODUCTS","9, 306",2,"INSANITARY-306, SALMONELLA-9",SPS,SPS
2019-2023,IN,India,29-Sep-23,2023-09-29,"SHRIMP AND PRAWNS, AQUACULTURE HARVESTED FISHERY/SEAFOOD PRODUCTS","2860, 3220",2,"NITROFURAN-3220, VETDRUGRES-2860",SPS,SPS
2019-2023,EC,Ecuador,11-Oct-23,2023-10-11,"SHRIMP AND PRAWNS, AQUACULTURE HARVESTED FISHERY/SEAFOOD PRODUCTS",9,1,SALMONELLA-9,SPS,SPS
2019-2023,IN,India,18-Sep-23,2023-09-18,"SHRIMP AND PRAWNS, AQUACULTURE HARVESTED FISHERY/SEAFOOD PRODUCTS","2860, 3220",2,"NITROFURAN-3220, VETDRUGRES-2860",SPS,SPS
2019-2023,IN,India,30-Apr-21,2021-04-30,"SHRIMP AND PRAWNS, AQUACULTURE HARVESTED FISHERY/SEAFOOD PRODUCTS","9, 306",2,"INSANITARY-306, SALMONELLA-9",SPS,SPS
2019-2023,IN,India,30-Apr-21,2021-04-30,"SHRIMP AND PRAWNS, AQUACULTURE HARVESTED FISHERY/SEAFOOD PRODUCTS","9, 306",2,"INSANITARY-306, SALMONELLA-9",SPS,SPS
2019-2023,VN,Vietnam,31-Jul-23,2023-07-31,"SHRIMP AND PRAWNS, AQUACULTURE HARVESTED FISHERY/SEAFOOD PRODUCTS",9,1,SALMONELLA-9,SPS,SPS
2019-2023,IN,India,29-Jun-21,2021-06-29,"SHRIMP AND PRAWNS, AQUACULTURE HARVESTED FISHERY/SEAFOOD PRODUCTS",249,1,FILTHY-249,SPS,SPS
2019-2023,IN,India,11-Dec-20,2020-12-11,"SHRIMP AND PRAWNS, AQUACULTURE HARVESTED FISHERY/SEAFOOD PRODUCTS","9, 306",2,"INSANITARY-306, SALMONELLA-9",SPS,SPS
2019-2023,IN,India,21-Jun-21,2021-06-21,"SHRIMP AND PRAWNS, AQUACULTURE HARVESTED FISHERY/SEAFOOD PRODUCTS",9,1,SALMONELLA-9,SPS,SPS
2019-2023,IN,India,04-Jan-21,2021-01-04,"SHRIMP AND PRAWNS, AQUACULTURE HARVESTED FISHERY/SEAFOOD PRODUCTS","9, 249",2,"FILTHY-249, SALMONELLA-9",SPS,SPS
2019-2023,IN,India,04-Dec-20,2020-12-04,"SHRIMP AND PRAWNS, AQUACULTURE HARVESTED FISHERY/SEAFOOD PRODUCTS",249,1,FILTHY-249,SPS,SPS
2019-2023,IN,India,11-Jul-22,2022-07-11,"SHRIMP AND PRAWNS, AQUACULTURE HARVESTED FISHERY/SEAFOOD PRODUCTS",3220,1,NITROFURAN-3220,SPS,SPS
2019-2023,IN,India,12-Oct-23,2023-10-12,"SHRIMP AND PRAWNS, AQUACULTURE HARVESTED FISHERY/SEAFOOD PRODUCTS","2860, 3220",2,"NITROFURAN-3220, VETDRUGRES-2860",SPS,SPS
2019-2023,IN,India,19-Dec-23,2023-12-19,"SHRIMP AND PRAWNS, AQUACULTURE HARVESTED FISHERY/SEAFOOD PRODUCTS",2860,1,VETDRUGRES-2860,SPS,SPS
2019-2023,VN,Vietnam,07-Jul-22,2022-07-07,"SHRIMP AND PRAWNS, AQUACULTURE HARVESTED FISHERY/SEAFOOD PRODUCTS",241,1,PESTICIDE-241,SPS,SPS
2019-2023,VN,Vietnam,27-Nov-23,2023-11-27,"SHRIMP AND PRAWNS, AQUACULTURE HARVESTED FISHERY/SEAFOOD PRODUCTS",249,1,FILTHY-249,SPS,SPS
2019-2023,VN,Vietnam,28-Apr-21,2021-04-28,"SHRIMP AND PRAWNS, AQUACULTURE HARVESTED FISHERY/SEAFOOD PRODUCTS","2860, 2860, 3220, 3220",2,"NITROFURAN-3220, VETDRUGRES-2860",SPS,SPS
2019-2023,IN,India,23-Jan-23,2023-01-23,"SHRIMP AND PRAWNS, AQUACULTURE HARVESTED FISHERY/SEAFOOD PRODUCTS",9,1,SALMONELLA-9,SPS,SPS
2019-2023,IN,India,18-Mar-21,2021-03-18,"SHRIMP AND PRAWNS, AQUACULTURE HARVESTED FISHERY/SEAFOOD PRODUCTS","2860, 3220",2,"NITROFURAN-3220, VETDRUGRES-2860",SPS,SPS
2019-2023,IN,India,10-Dec-20,2020-12-10,"SHRIMP AND PRAWNS, AQUACULTURE HARVESTED FISHERY/SEAFOOD PRODUCTS",249,1,FILTHY-249,SPS,SPS
2019-2023,IN,India,30-Apr-21,2021-04-30,"SHRIMP AND PRAWNS, AQUACULTURE HARVESTED FISHERY/SEAFOOD PRODUCTS","9, 306",2,"INSANITARY-306, SALMONELLA-9",SPS,SPS
2019-2023,IN,India,30-Apr-21,2021-04-30,"SHRIMP AND PRAWNS, AQUACULTURE HARVESTED FISHERY/SEAFOOD PRODUCTS","9, 306",2,"INSANITARY-306, SALMONELLA-9",SPS,SPS
2019-2023,IN,India,22-Feb-23,2023-02-22,"SHRIMP AND PRAWNS, AQUACULTURE HARVESTED FISHERY/SEAFOOD PRODUCTS",249,1,FILTHY-249,SPS,SPS
2019-2023,IN,India,04-Dec-20,2020-12-04,"SHRIMP AND PRAWNS, AQUACULTURE HARVESTED FISHERY/SEAFOOD PRODUCTS",249,1,FILTHY-249,SPS,SPS
2019-2023,IN,India,29-Nov-22,2022-11-29,"SHRIMP AND PRAWNS, AQUACULTURE HARVESTED FISHERY/SEAFOOD PRODUCTS","2860, 3220",2,"NITROFURAN-3220, VETDRUGRES-2860",SPS,SPS
2019-2023,IN,India,24-Feb-22,2022-02-24,"SHRIMP AND PRAWNS, AQUACULTURE HARVESTED FISHERY/SEAFOOD PRODUCTS","9, 249",2,"FILTHY-249, SALMONELLA-9",SPS,SPS
2019-2023,IN,India,21-Oct-20,2020-10-21,"SHRIMP AND PRAWNS, AQUACULTURE HARVESTED FISHERY/SEAFOOD PRODUCTS",3220,1,NITROFURAN-3220,SPS,SPS
2019-2023,IN,India,16-Mar-22,2022-03-16,"SHRIMP AND PRAWNS, AQUACULTURE HARVESTED FISHERY/SEAFOOD PRODUCTS",3220,1,NITROFURAN-3220,SPS,SPS
2019-2023,VN,Vietnam,07-Apr-22,2022-04-07,"ORIENTAL NOODLES (FLAVORED WITH SHRIMP,CHICKEN,BEEF,LOBSTER,CRAB,PLAIN,ETC.)",249,1,FILTHY-249,SPS,SPS
2019-2023,EC,Ecuador,04-May-22,2022-05-04,"SHRIMP AND PRAWNS, AQUACULTURE HARVESTED FISHERY/SEAFOOD PRODUCTS",249,1,FILTHY-249,SPS,SPS
2019-2023,EC,Ecuador,18-Mar-22,2022-03-18,"SHRIMP AND PRAWNS, AQUACULTURE HARVESTED FISHERY/SEAFOOD PRODUCTS",249,1,FILTHY-249,SPS,SPS
2019-2023,IN,India,30-Apr-21,2021-04-30,"SHRIMP AND PRAWNS, AQUACULTURE HARVESTED FISHERY/SEAFOOD PRODUCTS","9, 306",2,"INSANITARY-306, SALMONELLA-9",SPS,SPS
2019-2023,IN,India,21-Jan-21,2021-01-21,"SHRIMP AND PRAWNS, AQUACULTURE HARVESTED FISHERY/SEAFOOD PRODUCTS","9, 306",2,"INSANITARY-306, SALMONELLA-9",SPS,SPS
2019-2023,IN,India,02-Apr-21,2021-04-02,"SHRIMP AND PRAWNS, AQUACULTURE HARVESTED FISHERY/SEAFOOD PRODUCTS","2860, 3220",2,"NITROFURAN-3220, VETDRUGRES-2860",SPS,SPS
2019-2023,IN,India,04-Dec-20,2020-12-04,"SHRIMP AND PRAWNS, AQUACULTURE HARVESTED FISHERY/SEAFOOD PRODUCTS",249,1,FILTHY-249,SPS,SPS
2019-2023,IN,India,30-Apr-21,2021-04-30,"SHRIMP AND PRAWNS, AQUACULTURE HARVESTED FISHERY/SEAFOOD PRODUCTS","9, 306",2,"INSANITARY-306, SALMONELLA-9",SPS,SPS
2019-2023,IN,India,23-Nov-20,2020-11-23,"SHRIMP AND PRAWNS, AQUACULTURE HARVESTED FISHERY/SEAFOOD PRODUCTS",9,1,SALMONELLA-9,SPS,SPS
2019-2023,IN,India,15-Jan-21,2021-01-15,"SHRIMP AND PRAWNS, AQUACULTURE HARVESTED FISHERY/SEAFOOD PRODUCTS","9, 2580",2,"MFRHACCP-2580, SALMONELLA-9",SPS,SPS
2019-2023,IN,India,15-Sep-21,2021-09-15,"SHRIMP AND PRAWNS, AQUACULTURE HARVESTED FISHERY/SEAFOOD PRODUCTS",9,1,SALMONELLA-9,SPS,SPS
2019-2023,EC,Ecuador,07-Apr-22,2022-04-07,"SHRIMP AND PRAWNS, AQUACULTURE HARVESTED FISHERY/SEAFOOD PRODUCTS",9,1,SALMONELLA-9,SPS,SPS
2019-2023,IN,India,31-Mar-21,2021-03-31,"SHRIMP AND PRAWNS, AQUACULTURE HARVESTED FISHERY/SEAFOOD PRODUCTS",249,1,FILTHY-249,SPS,SPS
2019-2023,IN,India,10-Nov-20,2020-11-10,"SHRIMP AND PRAWNS, AQUACULTURE HARVESTED FISHERY/SEAFOOD PRODUCTS",249,1,FILTHY-249,SPS,SPS
2019-2023,IN,India,02-Mar-23,2023-03-02,"SHRIMP AND PRAWNS, AQUACULTURE HARVESTED FISHERY/SEAFOOD PRODUCTS",249,1,FILTHY-249,SPS,SPS
2019-2023,IN,India,11-Dec-20,2020-12-11,"SHRIMP AND PRAWNS, AQUACULTURE HARVESTED FISHERY/SEAFOOD PRODUCTS","9, 306",2,"INSANITARY-306, SALMONELLA-9",SPS,SPS
2019-2023,IN,India,11-Dec-20,2020-12-11,"SHRIMP AND PRAWNS, AQUACULTURE HARVESTED FISHERY/SEAFOOD PRODUCTS","9, 306",2,"INSANITARY-306, SALMONELLA-9",SPS,SPS
2019-2023,IN,India,17-Jan-21,2021-01-17,"SHRIMP AND PRAWNS, AQUACULTURE HARVESTED FISHERY/SEAFOOD PRODUCTS","9, 306",2,"INSANITARY-306, SALMONELLA-9",SPS,SPS
2019-2023,IN,India,18-Nov-20,2020-11-18,"SHRIMP AND PRAWNS, AQUACULTURE HARVESTED FISHERY/SEAFOOD PRODUCTS","9, 306",2,"INSANITARY-306, SALMONELLA-9",SPS,SPS
2019-2023,IN,India,10-Dec-20,2020-12-10,"SHRIMP AND PRAWNS, AQUACULTURE HARVESTED FISHERY/SEAFOOD PRODUCTS",249,1,FILTHY-249,SPS,SPS
2019-2023,IN,India,18-Nov-20,2020-11-18,"SHRIMP AND PRAWNS, AQUACULTURE HARVESTED FISHERY/SEAFOOD PRODUCTS","9, 306",2,"INSANITARY-306, SALMONELLA-9",SPS,SPS
2019-2023,IN,India,15-Dec-20,2020-12-15,"SHRIMP AND PRAWNS, AQUACULTURE HARVESTED FISHERY/SEAFOOD PRODUCTS","9, 306",2,"INSANITARY-306, SALMONELLA-9",SPS,SPS
2019-2023,IN,India,23-Nov-20,2020-11-23,"SHRIMP AND PRAWNS, AQUACULTURE HARVESTED FISHERY/SEAFOOD PRODUCTS","9, 306",2,"INSANITARY-306, SALMONELLA-9",SPS,SPS
2019-2023,VN,Vietnam,30-Dec-20,2020-12-30,"SHRIMP & PRAWNS, BREADED",2860,1,VETDRUGRES-2860,SPS,SPS
2019-2023,IN,India,15-Mar-22,2022-03-15,"SHRIMP AND PRAWNS, AQUACULTURE HARVESTED FISHERY/SEAFOOD PRODUCTS","9, 249",2,"FILTHY-249, SALMONELLA-9",SPS,SPS
2019-2023,VN,Vietnam,19-Feb-21,2021-02-19,"SHRIMP AND PRAWNS, AQUACULTURE HARVESTED FISHERY/SEAFOOD PRODUCTS",2860,1,VETDRUGRES-2860,SPS,SPS
2019-2023,IN,India,10-Dec-20,2020-12-10,"SHRIMP AND PRAWNS, AQUACULTURE HARVESTED FISHERY/SEAFOOD PRODUCTS",249,1,FILTHY-249,SPS,SPS
2019-2023,VN,Vietnam,27-Nov-23,2023-11-27,"SHRIMP AND PRAWNS, AQUACULTURE HARVESTED FISHERY/SEAFOOD PRODUCTS",249,1,FILTHY-249,SPS,SPS
2019-2023,IN,India,18-Nov-20,2020-11-18,"SHRIMP AND PRAWNS, AQUACULTURE HARVESTED FISHERY/SEAFOOD PRODUCTS","9, 306",2,"INSANITARY-306, SALMONELLA-9",SPS,SPS
2019-2023,IN,India,24-Mar-21,2021-03-24,"SHRIMP AND PRAWNS, AQUACULTURE HARVESTED FISHERY/SEAFOOD PRODUCTS",249,1,FILTHY-249,SPS,SPS
2019-2023,EC,Ecuador,29-Nov-23,2023-11-29,SHRIMP & PRAWNS,2860,1,VETDRUGRES-2860,SPS,SPS
2019-2023,IN,India,04-Dec-20,2020-12-04,"SHRIMP AND PRAWNS, AQUACULTURE HARVESTED FISHERY/SEAFOOD PRODUCTS",249,1,FILTHY-249,SPS,SPS
2019-2023,IN,India,14-Apr-21,2021-04-14,"SHRIMP AND PRAWNS, AQUACULTURE HARVESTED FISHERY/SEAFOOD PRODUCTS",249,1,FILTHY-249,SPS,SPS
2019-2023,EC,Ecuador,18-Mar-22,2022-03-18,"SHRIMP AND PRAWNS, AQUACULTURE HARVESTED FISHERY/SEAFOOD PRODUCTS",249,1,FILTHY-249,SPS,SPS
2019-2023,EC,Ecuador,25-Feb-22,2022-02-25,"SHRIMP AND PRAWNS, AQUACULTURE HARVESTED FISHERY/SEAFOOD PRODUCTS",249,1,FILTHY-249,SPS,SPS
2019-2023,VN,Vietnam,17-Feb-23,2023-02-17,"SHRIMP AND PRAWNS, AQUACULTURE HARVESTED FISHERY/SEAFOOD PRODUCTS",3220,1,NITROFURAN-3220,SPS,SPS
2019-2023,IN,India,20-Nov-20,2020-11-20,"SHRIMP AND PRAWNS, AQUACULTURE HARVESTED FISHERY/SEAFOOD PRODUCTS","9, 306",2,"INSANITARY-306, SALMONELLA-9",SPS,SPS
2019-2023,IN,India,19-Nov-20,2020-11-19,"SHRIMP AND PRAWNS, AQUACULTURE HARVESTED FISHERY/SEAFOOD PRODUCTS","9, 306",2,"INSANITARY-306, SALMONELLA-9",SPS,SPS
2019-2023,IN,India,10-Dec-20,2020-12-10,"SHRIMP AND PRAWNS, AQUACULTURE HARVESTED FISHERY/SEAFOOD PRODUCTS",249,1,FILTHY-249,SPS,SPS
2019-2023,IN,India,11-May-23,2023-05-11,"SHRIMP AND PRAWNS, AQUACULTURE HARVESTED FISHERY/SEAFOOD PRODUCTS",249,1,FILTHY-249,SPS,SPS
2019-2023,IN,India,22-Mar-22,2022-03-22,SHRIMP & PRAWNS,"9, 249",2,"FILTHY-249, SALMONELLA-9",SPS,SPS
2019-2023,VN,Vietnam,17-Sep-21,2021-09-17,"SHRIMP AND PRAWNS, AQUACULTURE HARVESTED FISHERY/SEAFOOD PRODUCTS","2860, 3220",2,"NITROFURAN-3220, VETDRUGRES-2860",SPS,SPS
2019-2023,VN,Vietnam,20-Apr-21,2021-04-20,"SHRIMP AND PRAWNS, AQUACULTURE HARVESTED FISHERY/SEAFOOD PRODUCTS",2860,1,VETDRUGRES-2860,SPS,SPS
2019-2023,IN,India,15-Aug-22,2022-08-15,"SHRIMP AND PRAWNS, AQUACULTURE HARVESTED FISHERY/SEAFOOD PRODUCTS",3220,1,NITROFURAN-3220,SPS,SPS
2019-2023,VN,Vietnam,20-Mar-23,2023-03-20,SHRIMP & PRAWNS,9,1,SALMONELLA-9,SPS,SPS
2019-2023,IN,India,19-Feb-21,2021-02-19,"SHRIMP AND PRAWNS, AQUACULTURE HARVESTED FISHERY/SEAFOOD PRODUCTS",249,1,FILTHY-249,SPS,SPS
2019-2023,EC,Ecuador,13-May-22,2022-05-13,"SHRIMP AND PRAWNS, AQUACULTURE HARVESTED FISHERY/SEAFOOD PRODUCTS",9,1,SALMONELLA-9,SPS,SPS
2019-2023,IN,India,21-Jun-21,2021-06-21,"SHRIMP AND PRAWNS, AQUACULTURE HARVESTED FISHERY/SEAFOOD PRODUCTS",9,1,SALMONELLA-9,SPS,SPS
2019-2023,IN,India,18-Sep-23,2023-09-18,"SHRIMP AND PRAWNS, AQUACULTURE HARVESTED FISHERY/SEAFOOD PRODUCTS","2860, 3220",2,"NITROFURAN-3220, VETDRUGRES-2860",SPS,SPS
2019-2023,IN,India,21-Jan-21,2021-01-21,"SHRIMP AND PRAWNS, AQUACULTURE HARVESTED FISHERY/SEAFOOD PRODUCTS","9, 306",2,"INSANITARY-306, SALMONELLA-9",SPS,SPS
2019-2023,VN,Vietnam,21-Jul-21,2021-07-21,"SHRIMP & PRAWNS, CAKES, BALLS, ETC.",2040,1,SULFITELBL-2040,TBT,TBT
2019-2023,IN,India,06-Jan-21,2021-01-06,"SHRIMP AND PRAWNS, AQUACULTURE HARVESTED FISHERY/SEAFOOD PRODUCTS","9, 306",2,"INSANITARY-306, SALMONELLA-9",SPS,SPS
2019-2023,IN,India,19-Jul-20,2020-07-19,"SHRIMP AND PRAWNS, AQUACULTURE HARVESTED FISHERY/SEAFOOD PRODUCTS",249,1,FILTHY-249,SPS,SPS
2019-2023,IN,India,20-Nov-20,2020-11-20,"SHRIMP AND PRAWNS, AQUACULTURE HARVESTED FISHERY/SEAFOOD PRODUCTS","9, 306",2,"INSANITARY-306, SALMONELLA-9",SPS,SPS
2019-2023,EC,Ecuador,04-May-22,2022-05-04,"SHRIMP AND PRAWNS, AQUACULTURE HARVESTED FISHERY/SEAFOOD PRODUCTS",249,1,FILTHY-249,SPS,SPS
2019-2023,EC,Ecuador,13-May-22,2022-05-13,"SHRIMP AND PRAWNS, AQUACULTURE HARVESTED FISHERY/SEAFOOD PRODUCTS",9,1,SALMONELLA-9,SPS,SPS
2019-2023,IN,India,30-Apr-21,2021-04-30,"SHRIMP AND PRAWNS, AQUACULTURE HARVESTED FISHERY/SEAFOOD PRODUCTS","9, 306",2,"INSANITARY-306, SALMONELLA-9",SPS,SPS
2019-2023,IN,India,21-Apr-20,2020-04-21,"SHRIMP AND PRAWNS, AQUACULTURE HARVESTED FISHERY/SEAFOOD PRODUCTS",9,1,SALMONELLA-9,SPS,SPS
2019-2023,IN,India,23-Nov-20,2020-11-23,"SHRIMP AND PRAWNS, AQUACULTURE HARVESTED FISHERY/SEAFOOD PRODUCTS","9, 306",2,"INSANITARY-306, SALMONELLA-9",SPS,SPS
2019-2023,IN,India,20-Nov-20,2020-11-20,"SHRIMP AND PRAWNS, AQUACULTURE HARVESTED FISHERY/SEAFOOD PRODUCTS","9, 306",2,"INSANITARY-306, SALMONELLA-9",SPS,SPS
2019-2023,IN,India,02-Oct-23,2023-10-02,"SHRIMP AND PRAWNS, AQUACULTURE HARVESTED FISHERY/SEAFOOD PRODUCTS",3220,1,NITROFURAN-3220,SPS,SPS
2019-2023,EC,Ecuador,11-Oct-23,2023-10-11,"SHRIMP AND PRAWNS, AQUACULTURE HARVESTED FISHERY/SEAFOOD PRODUCTS",9,1,SALMONELLA-9,SPS,SPS
2019-2023,EC,Ecuador,07-Apr-22,2022-04-07,"SHRIMP AND PRAWNS, AQUACULTURE HARVESTED FISHERY/SEAFOOD PRODUCTS",9,1,SALMONELLA-9,SPS,SPS
2019-2023,VN,Vietnam,12-Jan-22,2022-01-12,"SHRIMP AND PRAWNS, AQUACULTURE HARVESTED FISHERY/SEAFOOD PRODUCTS",3220,1,NITROFURAN-3220,SPS,SPS
2019-2023,IN,India,15-Apr-21,2021-04-15,"SHRIMP AND PRAWNS, AQUACULTURE HARVESTED FISHERY/SEAFOOD PRODUCTS",249,1,FILTHY-249,SPS,SPS
2019-2023,IN,India,21-Jan-21,2021-01-21,"SHRIMP AND PRAWNS, AQUACULTURE HARVESTED FISHERY/SEAFOOD PRODUCTS","9, 306",2,"INSANITARY-306, SALMONELLA-9",SPS,SPS
2019-2023,IN,India,20-Nov-20,2020-11-20,"SHRIMP AND PRAWNS, AQUACULTURE HARVESTED FISHERY/SEAFOOD PRODUCTS","9, 306",2,"INSANITARY-306, SALMONELLA-9",SPS,SPS
2019-2023,IN,India,21-Jan-21,2021-01-21,"SHRIMP AND PRAWNS, AQUACULTURE HARVESTED FISHERY/SEAFOOD PRODUCTS","9, 306",2,"INSANITARY-306, SALMONELLA-9",SPS,SPS
2019-2023,IN,India,20-Nov-20,2020-11-20,"SHRIMP AND PRAWNS, AQUACULTURE HARVESTED FISHERY/SEAFOOD PRODUCTS","9, 306",2,"INSANITARY-306, SALMONELLA-9",SPS,SPS
2019-2023,EC,Ecuador,07-Jun-22,2022-06-07,"SHRIMP AND PRAWNS, AQUACULTURE HARVESTED FISHERY/SEAFOOD PRODUCTS",9,1,SALMONELLA-9,SPS,SPS
2019-2023,VN,Vietnam,28-Jun-21,2021-06-28,"SHRIMP AND PRAWNS, AQUACULTURE HARVESTED FISHERY/SEAFOOD PRODUCTS","2860, 3220",2,"NITROFURAN-3220, VETDRUGRES-2860",SPS,SPS
2019-2023,IN,India,30-Apr-21,2021-04-30,"SHRIMP AND PRAWNS, AQUACULTURE HARVESTED FISHERY/SEAFOOD PRODUCTS","9, 306",2,"INSANITARY-306, SALMONELLA-9",SPS,SPS
2019-2023,IN,India,18-Nov-20,2020-11-18,"SHRIMP AND PRAWNS, AQUACULTURE HARVESTED FISHERY/SEAFOOD PRODUCTS","9, 306",2,"INSANITARY-306, SALMONELLA-9",SPS,SPS
2019-2023,IN,India,13-Oct-23,2023-10-13,"SHRIMP AND PRAWNS, AQUACULTURE HARVESTED FISHERY/SEAFOOD PRODUCTS",249,1,FILTHY-249,SPS,SPS
2019-2023,IN,India,14-Jan-21,2021-01-14,"SHRIMP AND PRAWNS, AQUACULTURE HARVESTED FISHERY/SEAFOOD PRODUCTS","9, 306",2,"INSANITARY-306, SALMONELLA-9",SPS,SPS
2019-2023,IN,India,02-Sep-20,2020-09-02,"SHRIMP AND PRAWNS, AQUACULTURE HARVESTED FISHERY/SEAFOOD PRODUCTS","9, 249",2,"FILTHY-249, SALMONELLA-9",SPS,SPS
2019-2023,IN,India,18-Nov-20,2020-11-18,"SHRIMP AND PRAWNS, AQUACULTURE HARVESTED FISHERY/SEAFOOD PRODUCTS","9, 306",2,"INSANITARY-306, SALMONELLA-9",SPS,SPS
2019-2023,EC,Ecuador,04-May-22,2022-05-04,"SHRIMP AND PRAWNS, AQUACULTURE HARVESTED FISHERY/SEAFOOD PRODUCTS",249,1,FILTHY-249,SPS,SPS
2019-2023,VN,Vietnam,18-May-21,2021-05-18,"SHRIMP AND PRAWNS, AQUACULTURE HARVESTED FISHERY/SEAFOOD PRODUCTS","2860, 3220",2,"NITROFURAN-3220, VETDRUGRES-2860",SPS,SPS
2019-2023,IN,India,21-Jan-21,2021-01-21,"SHRIMP AND PRAWNS, AQUACULTURE HARVESTED FISHERY/SEAFOOD PRODUCTS","9, 306",2,"INSANITARY-306, SALMONELLA-9",SPS,SPS
2019-2023,IN,India,10-Dec-20,2020-12-10,"SHRIMP AND PRAWNS, AQUACULTURE HARVESTED FISHERY/SEAFOOD PRODUCTS",249,1,FILTHY-249,SPS,SPS
2019-2023,IN,India,04-Dec-20,2020-12-04,"SHRIMP AND PRAWNS, AQUACULTURE HARVESTED FISHERY/SEAFOOD PRODUCTS",249,1,FILTHY-249,SPS,SPS
2019-2023,IN,India,06-Feb-21,2021-02-06,"SHRIMP AND PRAWNS, AQUACULTURE HARVESTED FISHERY/SEAFOOD PRODUCTS","2860, 3220",2,"NITROFURAN-3220, VETDRUGRES-2860",SPS,SPS
2019-2023,VN,Vietnam,29-Jul-21,2021-07-29,"SHRIMP AND PRAWNS, AQUACULTURE HARVESTED FISHERY/SEAFOOD PRODUCTS","2860, 3220",2,"NITROFURAN-3220, VETDRUGRES-2860",SPS,SPS
2019-2023,IN,India,19-Nov-20,2020-11-19,"SHRIMP AND PRAWNS, AQUACULTURE HARVESTED FISHERY/SEAFOOD PRODUCTS","9, 306",2,"INSANITARY-306, SALMONELLA-9",SPS,SPS
2019-2023,IN,India,18-Nov-20,2020-11-18,"SHRIMP AND PRAWNS, AQUACULTURE HARVESTED FISHERY/SEAFOOD PRODUCTS","9, 306",2,"INSANITARY-306, SALMONELLA-9",SPS,SPS
2019-2023,IN,India,11-May-23,2023-05-11,"SHRIMP AND PRAWNS, AQUACULTURE HARVESTED FISHERY/SEAFOOD PRODUCTS",249,1,FILTHY-249,SPS,SPS
2019-2023,IN,India,21-Jun-21,2021-06-21,"SHRIMP AND PRAWNS, AQUACULTURE HARVESTED FISHERY/SEAFOOD PRODUCTS",9,1,SALMONELLA-9,SPS,SPS
2019-2023,IN,India,08-Nov-23,2023-11-08,"SHRIMP AND PRAWNS, AQUACULTURE HARVESTED FISHERY/SEAFOOD PRODUCTS","2860, 3220",2,"NITROFURAN-3220, VETDRUGRES-2860",SPS,SPS
2019-2023,IN,India,17-Jun-21,2021-06-17,"SHRIMP AND PRAWNS, AQUACULTURE HARVESTED FISHERY/SEAFOOD PRODUCTS",249,1,FILTHY-249,SPS,SPS
2019-2023,IN,India,16-Mar-22,2022-03-16,"SHRIMP AND PRAWNS, AQUACULTURE HARVESTED FISHERY/SEAFOOD PRODUCTS",3220,1,NITROFURAN-3220,SPS,SPS
2019-2023,IN,India,01-Dec-20,2020-12-01,"SHRIMP AND PRAWNS, AQUACULTURE HARVESTED FISHERY/SEAFOOD PRODUCTS",9,1,SALMONELLA-9,SPS,SPS
2019-2023,IN,India,27-Aug-21,2021-08-27,"SHRIMP AND PRAWNS, AQUACULTURE HARVESTED FISHERY/SEAFOOD PRODUCTS",9,1,SALMONELLA-9,SPS,SPS
2019-2023,IN,India,25-Feb-22,2022-02-25,"SHRIMP AND PRAWNS, AQUACULTURE HARVESTED FISHERY/SEAFOOD PRODUCTS",249,1,FILTHY-249,SPS,SPS
2019-2023,EC,Ecuador,07-Jun-22,2022-06-07,"SHRIMP AND PRAWNS, AQUACULTURE HARVESTED FISHERY/SEAFOOD PRODUCTS",9,1,SALMONELLA-9,SPS,SPS
2019-2023,EC,Ecuador,07-Jun-22,2022-06-07,"SHRIMP AND PRAWNS, AQUACULTURE HARVESTED FISHERY/SEAFOOD PRODUCTS",9,1,SALMONELLA-9,SPS,SPS
2019-2023,IN,India,17-Jan-23,2023-01-17,"SHRIMP AND PRAWNS, AQUACULTURE HARVESTED FISHERY/SEAFOOD PRODUCTS",9,1,SALMONELLA-9,SPS,SPS
2019-2023,IN,India,23-Apr-21,2021-04-23,"SHRIMP AND PRAWNS, AQUACULTURE HARVESTED FISHERY/SEAFOOD PRODUCTS",249,1,FILTHY-249,SPS,SPS
2019-2023,IN,India,11-Dec-20,2020-12-11,"SHRIMP AND PRAWNS, AQUACULTURE HARVESTED FISHERY/SEAFOOD PRODUCTS","9, 306",2,"INSANITARY-306, SALMONELLA-9",SPS,SPS
2019-2023,EC,Ecuador,13-May-22,2022-05-13,"SHRIMP AND PRAWNS, AQUACULTURE HARVESTED FISHERY/SEAFOOD PRODUCTS",9,1,SALMONELLA-9,SPS,SPS
2019-2023,IN,India,05-May-21,2021-05-05,"SHRIMP AND PRAWNS, AQUACULTURE HARVESTED FISHERY/SEAFOOD PRODUCTS","9, 9, 306, 306",2,"INSANITARY-306, SALMONELLA-9",SPS,SPS
2019-2023,EC,Ecuador,27-May-22,2022-05-27,"SHRIMP AND PRAWNS, AQUACULTURE HARVESTED FISHERY/SEAFOOD PRODUCTS",9,1,SALMONELLA-9,SPS,SPS
2019-2023,IN,India,15-Sep-21,2021-09-15,"SHRIMP AND PRAWNS, AQUACULTURE HARVESTED FISHERY/SEAFOOD PRODUCTS",9,1,SALMONELLA-9,SPS,SPS
2019-2023,IN,India,18-Sep-23,2023-09-18,"SHRIMP AND PRAWNS, AQUACULTURE HARVESTED FISHERY/SEAFOOD PRODUCTS","2860, 3220",2,"NITROFURAN-3220, VETDRUGRES-2860",SPS,SPS
2019-2023,IN,India,12-Oct-23,2023-10-12,"SHRIMP AND PRAWNS, AQUACULTURE HARVESTED FISHERY/SEAFOOD PRODUCTS","2860, 3220",2,"NITROFURAN-3220, VETDRUGRES-2860",SPS,SPS
2019-2023,IN,India,30-Jan-23,2023-01-30,SHRIMP & PRAWNS,2860,1,VETDRUGRES-2860,SPS,SPS
2019-2023,IN,India,10-Dec-20,2020-12-10,"SHRIMP AND PRAWNS, AQUACULTURE HARVESTED FISHERY/SEAFOOD PRODUCTS",249,1,FILTHY-249,SPS,SPS
2019-2023,IN,India,27-Jan-21,2021-01-27,"SHRIMP AND PRAWNS, AQUACULTURE HARVESTED FISHERY/SEAFOOD PRODUCTS",249,1,FILTHY-249,SPS,SPS
2019-2023,EC,Ecuador,07-Apr-22,2022-04-07,"SHRIMP AND PRAWNS, AQUACULTURE HARVESTED FISHERY/SEAFOOD PRODUCTS",9,1,SALMONELLA-9,SPS,SPS
2019-2023,EC,Ecuador,13-May-22,2022-05-13,"SHRIMP AND PRAWNS, AQUACULTURE HARVESTED FISHERY/SEAFOOD PRODUCTS",9,1,SALMONELLA-9,SPS,SPS
2019-2023,IN,India,24-Feb-22,2022-02-24,"SHRIMP AND PRAWNS, AQUACULTURE HARVESTED FISHERY/SEAFOOD PRODUCTS","2900, 3885",2,"CHLORAMP-2900, POIS CHLOR-3885",SPS,SPS
2019-2023,EC,Ecuador,04-May-22,2022-05-04,"SHRIMP AND PRAWNS, AQUACULTURE HARVESTED FISHERY/SEAFOOD PRODUCTS",249,1,FILTHY-249,SPS,SPS
2019-2023,IN,India,29-Nov-22,2022-11-29,"SHRIMP AND PRAWNS, AQUACULTURE HARVESTED FISHERY/SEAFOOD PRODUCTS","2860, 3220",2,"NITROFURAN-3220, VETDRUGRES-2860",SPS,SPS
2019-2023,IN,India,17-Jun-22,2022-06-17,"SHRIMP AND PRAWNS, AQUACULTURE HARVESTED FISHERY/SEAFOOD PRODUCTS",2860,1,VETDRUGRES-2860,SPS,SPS
2019-2023,IN,India,20-Dec-22,2022-12-20,"SHRIMP AND PRAWNS, AQUACULTURE HARVESTED FISHERY/SEAFOOD PRODUCTS","2860, 3220",2,"NITROFURAN-3220, VETDRUGRES-2860",SPS,SPS
2019-2023,IN,India,31-Mar-20,2020-03-31,"SHRIMP AND PRAWNS, AQUACULTURE HARVESTED FISHERY/SEAFOOD PRODUCTS",3220,1,NITROFURAN-3220,SPS,SPS
2019-2023,IN,India,17-Mar-23,2023-03-17,"SHRIMP AND PRAWNS, AQUACULTURE HARVESTED FISHERY/SEAFOOD PRODUCTS","9, 249",2,"FILTHY-249, SALMONELLA-9",SPS,SPS
2019-2023,IN,India,23-Feb-21,2021-02-23,"SHRIMP AND PRAWNS, AQUACULTURE HARVESTED FISHERY/SEAFOOD PRODUCTS",249,1,FILTHY-249,SPS,SPS
2019-2023,IN,India,08-Dec-22,2022-12-08,"SHRIMP AND PRAWNS, AQUACULTURE HARVESTED FISHERY/SEAFOOD PRODUCTS",3220,1,NITROFURAN-3220,SPS,SPS
2019-2023,EC,Ecuador,04-May-22,2022-05-04,"SHRIMP AND PRAWNS, AQUACULTURE HARVESTED FISHERY/SEAFOOD PRODUCTS",249,1,FILTHY-249,SPS,SPS
2019-2023,EC,Ecuador,07-Apr-22,2022-04-07,"SHRIMP AND PRAWNS, AQUACULTURE HARVESTED FISHERY/SEAFOOD PRODUCTS",9,1,SALMONELLA-9,SPS,SPS
2019-2023,IN,India,19-Nov-20,2020-11-19,"SHRIMP AND PRAWNS, AQUACULTURE HARVESTED FISHERY/SEAFOOD PRODUCTS","9, 306",2,"INSANITARY-306, SALMONELLA-9",SPS,SPS
2019-2023,IN,India,09-Jun-20,2020-06-09,"SHRIMP AND PRAWNS, AQUACULTURE HARVESTED FISHERY/SEAFOOD PRODUCTS",9,1,SALMONELLA-9,SPS,SPS
2019-2023,IN,India,29-Sep-23,2023-09-29,"SHRIMP AND PRAWNS, AQUACULTURE HARVESTED FISHERY/SEAFOOD PRODUCTS","2860, 3220",2,"NITROFURAN-3220, VETDRUGRES-2860",SPS,SPS
2019-2023,IN,India,14-Apr-23,2023-04-14,"SHRIMP AND PRAWNS, AQUACULTURE HARVESTED FISHERY/SEAFOOD PRODUCTS",9,1,SALMONELLA-9,SPS,SPS
2019-2023,IN,India,04-Jan-23,2023-01-04,"SHRIMP AND PRAWNS, AQUACULTURE HARVESTED FISHERY/SEAFOOD PRODUCTS",3220,1,NITROFURAN-3220,SPS,SPS
2019-2023,EC,Ecuador,04-May-22,2022-05-04,"SHRIMP AND PRAWNS, AQUACULTURE HARVESTED FISHERY/SEAFOOD PRODUCTS",249,1,FILTHY-249,SPS,SPS
2019-2023,IN,India,08-Nov-23,2023-11-08,"SHRIMP AND PRAWNS, AQUACULTURE HARVESTED FISHERY/SEAFOOD PRODUCTS","2860, 3220",2,"NITROFURAN-3220, VETDRUGRES-2860",SPS,SPS
2019-2023,IN,India,29-Sep-23,2023-09-29,"SHRIMP AND PRAWNS, AQUACULTURE HARVESTED FISHERY/SEAFOOD PRODUCTS","2860, 3220",2,"NITROFURAN-3220, VETDRUGRES-2860",SPS,SPS
2019-2023,VN,Vietnam,02-Nov-22,2022-11-02,SHRIMP & PRAWNS,9,1,SALMONELLA-9,SPS,SPS
2019-2023,IN,India,28-Jul-21,2021-07-28,"SHRIMP AND PRAWNS, AQUACULTURE HARVESTED FISHERY/SEAFOOD PRODUCTS",249,1,FILTHY-249,SPS,SPS
2019-2023,IN,India,28-Aug-20,2020-08-28,"SHRIMP AND PRAWNS, AQUACULTURE HARVESTED FISHERY/SEAFOOD PRODUCTS","2860, 3220",2,"NITROFURAN-3220, VETDRUGRES-2860",SPS,SPS
2019-2023,IN,India,21-Jun-21,2021-06-21,"SHRIMP AND PRAWNS, AQUACULTURE HARVESTED FISHERY/SEAFOOD PRODUCTS","9, 249",2,"FILTHY-249, SALMONELLA-9",SPS,SPS
2024-2026,IN,India,02-Jan-24,2024-01-02,"SHRIMP AND PRAWNS, AQUACULTURE HARVESTED FISHERY/SEAFOOD PRODUCTS",249,1,FILTHY-249,SPS,SPS
2024-2026,IN,India,29-May-25,2025-05-29,"SHRIMP AND PRAWNS, AQUACULTURE HARVESTED FISHERY/SEAFOOD PRODUCTS","9, 249",2,"FILTHY-249, SALMONELLA-9",SPS,SPS
2024-2026,IN,India,05-Mar-25,2025-03-05,"SHRIMP AND PRAWNS, AQUACULTURE HARVESTED FISHERY/SEAFOOD PRODUCTS","9, 249",2,"FILTHY-249, SALMONELLA-9",SPS,SPS
2024-2026,IN,India,04-Apr-24,2024-04-04,"SHRIMP AND PRAWNS, AQUACULTURE HARVESTED FISHERY/SEAFOOD PRODUCTS",2860,1,VETDRUGRES-2860,SPS,SPS
2024-2026,VN,Vietnam,26-Sep-25,2025-09-26,"SHRIMP AND PRAWNS, AQUACULTURE HARVESTED FISHERY/SEAFOOD PRODUCTS",315,1,ADDED BULK-315,SPS,SPS
2024-2026,VN,Vietnam,07-Jul-25,2025-07-07,"SHRIMP AND PRAWNS, AQUACULTURE HARVESTED FISHERY/SEAFOOD PRODUCTS","2860, 2860, 3220",2,"NITROFURAN-3220, VETDRUGRES-2860",SPS,SPS
2024-2026,VN,Vietnam,01-Oct-25,2025-10-01,"SHRIMP AND PRAWNS, AQUACULTURE HARVESTED FISHERY/SEAFOOD PRODUCTS",2860,1,VETDRUGRES-2860,SPS,SPS
2024-2026,IN,India,20-Feb-25,2025-02-20,SHRIMP & PRAWNS,"2860, 3220",2,"NITROFURAN-3220, VETDRUGRES-2860",SPS,SPS
2024-2026,VN,Vietnam,28-Aug-24,2024-08-28,"SHRIMP AND PRAWNS, AQUACULTURE HARVESTED FISHERY/SEAFOOD PRODUCTS",2860,1,VETDRUGRES-2860,SPS,SPS
2024-2026,IN,India,28-Jul-25,2025-07-28,"SHRIMP AND PRAWNS, AQUACULTURE HARVESTED FISHERY/SEAFOOD PRODUCTS","2860, 3220",2,"NITROFURAN-3220, VETDRUGRES-2860",SPS,SPS
2024-2026,VN,Vietnam,08-Oct-24,2024-10-08,"SHRIMP SAUCE, FISHERY PRODUCTS, N.E.C.",249,1,FILTHY-249,SPS,SPS
2024-2026,IN,India,14-Nov-24,2024-11-14,"SHRIMP AND PRAWNS, AQUACULTURE HARVESTED FISHERY/SEAFOOD PRODUCTS",9,1,SALMONELLA-9,SPS,SPS
2024-2026,IN,India,13-Jun-25,2025-06-13,"SHRIMP AND PRAWNS, AQUACULTURE HARVESTED FISHERY/SEAFOOD PRODUCTS","9, 249, 2860, 3220",4,"FILTHY-249, NITROFURAN-3220, SALMONELLA-9, VETDRUGRES-2860",SPS,SPS
2024-2026,IN,India,08-Nov-24,2024-11-08,"SHRIMP AND PRAWNS, AQUACULTURE HARVESTED FISHERY/SEAFOOD PRODUCTS","2900, 3885",2,"CHLORAMP-2900, POIS CHLOR-3885",SPS,SPS
2024-2026,IN,India,23-Sep-25,2025-09-23,"SHRIMP AND PRAWNS, AQUACULTURE HARVESTED FISHERY/SEAFOOD PRODUCTS",3220,1,NITROFURAN-3220,SPS,SPS
2024-2026,EC,Ecuador,29-Apr-24,2024-04-29,SHRIMP & PRAWNS,249,1,FILTHY-249,SPS,SPS
2024-2026,VN,Vietnam,28-Aug-24,2024-08-28,"SHRIMP AND PRAWNS, AQUACULTURE HARVESTED FISHERY/SEAFOOD PRODUCTS",2860,1,VETDRUGRES-2860,SPS,SPS
2024-2026,VN,Vietnam,12-Apr-24,2024-04-12,SHRIMP & PRAWNS,9,1,SALMONELLA-9,SPS,SPS
2024-2026,IN,India,05-Mar-25,2025-03-05,"SHRIMP AND PRAWNS, AQUACULTURE HARVESTED FISHERY/SEAFOOD PRODUCTS","9, 249",2,"FILTHY-249, SALMONELLA-9",SPS,SPS
2024-2026,VN,Vietnam,02-Apr-25,2025-04-02,"SHRIMP AND PRAWNS, AQUACULTURE HARVESTED FISHERY/SEAFOOD PRODUCTS",9,1,SALMONELLA-9,SPS,SPS
2024-2026,VN,Vietnam,26-Jun-25,2025-06-26,SHRIMP & PRAWNS,249,1,FILTHY-249,SPS,SPS
2024-2026,VN,Vietnam,02-Jan-25,2025-01-02,"SHRIMP AND PRAWNS, AQUACULTURE HARVESTED FISHERY/SEAFOOD PRODUCTS",9,1,SALMONELLA-9,SPS,SPS
2024-2026,IN,India,17-Jan-25,2025-01-17,SHRIMP & PRAWNS,"9, 249",2,"FILTHY-249, SALMONELLA-9",SPS,SPS
2024-2026,IN,India,18-Dec-24,2024-12-18,SHRIMP & PRAWNS,249,1,FILTHY-249,SPS,SPS
2024-2026,IN,India,29-May-25,2025-05-29,"SHRIMP AND PRAWNS, AQUACULTURE HARVESTED FISHERY/SEAFOOD PRODUCTS","9, 249",2,"FILTHY-249, SALMONELLA-9",SPS,SPS
2024-2026,IN,India,05-Jun-24,2024-06-05,"SHRIMP AND PRAWNS, AQUACULTURE HARVESTED FISHERY/SEAFOOD PRODUCTS","2860, 3220",2,"NITROFURAN-3220, VETDRUGRES-2860",SPS,SPS
2024-2026,IN,India,08-Jul-25,2025-07-08,"ORIENTAL NOODLES (FLAVORED WITH SHRIMP,CHICKEN,BEEF,LOBSTER,CRAB,PLAIN,ETC.)","325, 3300",2,"ALLERGEN-3300, STD NAME-325",TBT,TBT
2024-2026,VN,Vietnam,25-Jul-24,2024-07-25,"SHRIMP & PRAWNS, BREADED","2900, 3885",2,"CHLORAMP-2900, POIS CHLOR-3885",SPS,SPS
2024-2026,EC,Ecuador,11-Jan-24,2024-01-11,"SHRIMP AND PRAWNS, AQUACULTURE HARVESTED FISHERY/SEAFOOD PRODUCTS",3220,1,NITROFURAN-3220,SPS,SPS
2024-2026,IN,India,04-Apr-24,2024-04-04,"SHRIMP AND PRAWNS, AQUACULTURE HARVESTED FISHERY/SEAFOOD PRODUCTS",2860,1,VETDRUGRES-2860,SPS,SPS
2024-2026,IN,India,28-Aug-25,2025-08-28,"SHRIMP AND PRAWNS, AQUACULTURE HARVESTED FISHERY/SEAFOOD PRODUCTS","9, 249",2,"FILTHY-249, SALMONELLA-9",SPS,SPS
2024-2026,IN,India,05-Aug-24,2024-08-05,"SHRIMP AND PRAWNS, AQUACULTURE HARVESTED FISHERY/SEAFOOD PRODUCTS","320, 2860",2,"LACKS FIRM-320, VETDRUGRES-2860","SPS, TBT",SPS+TBT
2024-2026,IN,India,13-Jun-25,2025-06-13,"SHRIMP AND PRAWNS, AQUACULTURE HARVESTED FISHERY/SEAFOOD PRODUCTS","9, 249",2,"FILTHY-249, SALMONELLA-9",SPS,SPS
2024-2026,IN,India,20-Feb-25,2025-02-20,SHRIMP & PRAWNS,3220,1,NITROFURAN-3220,SPS,SPS
2024-2026,IN,India,23-Feb-24,2024-02-23,"SHRIMP AND PRAWNS, AQUACULTURE HARVESTED FISHERY/SEAFOOD PRODUCTS",3220,1,NITROFURAN-3220,SPS,SPS
2024-2026,VN,Vietnam,25-Jul-24,2024-07-25,"SHRIMP & PRAWNS, BREADED","2900, 3885",2,"CHLORAMP-2900, POIS CHLOR-3885",SPS,SPS
2024-2026,IN,India,17-Jan-25,2025-01-17,SHRIMP & PRAWNS,"9, 249",2,"FILTHY-249, SALMONELLA-9",SPS,SPS
2024-2026,IN,India,05-Mar-25,2025-03-05,"SHRIMP AND PRAWNS, AQUACULTURE HARVESTED FISHERY/SEAFOOD PRODUCTS","9, 249",2,"FILTHY-249, SALMONELLA-9",SPS,SPS
2024-2026,IN,India,31-Jul-25,2025-07-31,"ORIENTAL NOODLES (FLAVORED WITH SHRIMP,CHICKEN,BEEF,LOBSTER,CRAB,PLAIN,ETC.)","218, 482",2,"LIST INGRE-218, NUTRIT LBL-482",TBT,TBT
2024-2026,IN,India,31-Jan-24,2024-01-31,"SHRIMP AND PRAWNS, AQUACULTURE HARVESTED FISHERY/SEAFOOD PRODUCTS","9, 249",2,"FILTHY-249, SALMONELLA-9",SPS,SPS
2024-2026,IN,India,31-Jul-25,2025-07-31,"ORIENTAL NOODLES (FLAVORED WITH SHRIMP,CHICKEN,BEEF,LOBSTER,CRAB,PLAIN,ETC.)","218, 324, 488",3,"HEALTH C-488, LIST INGRE-218, NO ENGLISH-324",TBT,TBT
2024-2026,IN,India,30-Apr-24,2024-04-30,SHRIMP & PRAWNS,"2860, 3220",2,"NITROFURAN-3220, VETDRUGRES-2860",SPS,SPS
2024-2026,IN,India,11-Apr-25,2025-04-11,"SHRIMP AND PRAWNS, AQUACULTURE HARVESTED FISHERY/SEAFOOD PRODUCTS",2860,1,VETDRUGRES-2860,SPS,SPS
2024-2026,IN,India,23-Jan-24,2024-01-23,"SHRIMP AND PRAWNS, AQUACULTURE HARVESTED FISHERY/SEAFOOD PRODUCTS",2860,1,VETDRUGRES-2860,SPS,SPS
2024-2026,IN,India,01-Apr-25,2025-04-01,"SHRIMP AND PRAWNS, AQUACULTURE HARVESTED FISHERY/SEAFOOD PRODUCTS",2860,1,VETDRUGRES-2860,SPS,SPS
2024-2026,IN,India,15-May-25,2025-05-15,SHRIMP & PRAWNS,"9, 249",2,"FILTHY-249, SALMONELLA-9",SPS,SPS
2024-2026,IN,India,31-Jul-24,2024-07-31,"SHRIMP AND PRAWNS, AQUACULTURE HARVESTED FISHERY/SEAFOOD PRODUCTS",3220,1,NITROFURAN-3220,SPS,SPS
2024-2026,IN,India,13-Jun-25,2025-06-13,"SHRIMP AND PRAWNS, AQUACULTURE HARVESTED FISHERY/SEAFOOD PRODUCTS","9, 312, 2860, 3220",4,"FILTH-312, NITROFURAN-3220, SALMONELLA-9, VETDRUGRES-2860",SPS,SPS
2024-2026,IN,India,27-Jun-25,2025-06-27,"SHRIMP AND PRAWNS, AQUACULTURE HARVESTED FISHERY/SEAFOOD PRODUCTS",249,1,FILTHY-249,SPS,SPS
2024-2026,VN,Vietnam,28-Aug-24,2024-08-28,"SHRIMP AND PRAWNS, AQUACULTURE HARVESTED FISHERY/SEAFOOD PRODUCTS",2860,1,VETDRUGRES-2860,SPS,SPS
2024-2026,IN,India,23-Feb-24,2024-02-23,"SHRIMP AND PRAWNS, AQUACULTURE HARVESTED FISHERY/SEAFOOD PRODUCTS","2860, 3220",2,"NITROFURAN-3220, VETDRUGRES-2860",SPS,SPS
2024-2026,VN,Vietnam,14-Jun-24,2024-06-14,SHRIMP & PRAWNS,9,1,SALMONELLA-9,SPS,SPS
2024-2026,IN,India,15-Jul-25,2025-07-15,"SHRIMP AND PRAWNS, AQUACULTURE HARVESTED FISHERY/SEAFOOD PRODUCTS",249,1,FILTHY-249,SPS,SPS
2024-2026,IN,India,13-Jun-25,2025-06-13,"SHRIMP AND PRAWNS, AQUACULTURE HARVESTED FISHERY/SEAFOOD PRODUCTS","9, 249, 2860, 3220",4,"FILTHY-249, NITROFURAN-3220, SALMONELLA-9, VETDRUGRES-2860",SPS,SPS
2024-2026,VN,Vietnam,14-Jun-24,2024-06-14,SHRIMP & PRAWNS,9,1,SALMONELLA-9,SPS,SPS
2024-2026,IN,India,14-Nov-24,2024-11-14,"SHRIMP AND PRAWNS, AQUACULTURE HARVESTED FISHERY/SEAFOOD PRODUCTS",9,1,SALMONELLA-9,SPS,SPS
2024-2026,VN,Vietnam,28-Feb-25,2025-02-28,"SHRIMP AND PRAWNS, AQUACULTURE HARVESTED FISHERY/SEAFOOD PRODUCTS",2860,1,VETDRUGRES-2860,SPS,SPS
2024-2026,IN,India,03-Jan-25,2025-01-03,"SHRIMP AND PRAWNS, AQUACULTURE HARVESTED FISHERY/SEAFOOD PRODUCTS","9, 249",2,"FILTHY-249, SALMONELLA-9",SPS,SPS
2024-2026,IN,India,05-Mar-25,2025-03-05,"SHRIMP AND PRAWNS, AQUACULTURE HARVESTED FISHERY/SEAFOOD PRODUCTS","9, 249",2,"FILTHY-249, SALMONELLA-9",SPS,SPS
2024-2026,IN,India,28-Aug-25,2025-08-28,"SHRIMP AND PRAWNS, AQUACULTURE HARVESTED FISHERY/SEAFOOD PRODUCTS","9, 249",2,"FILTHY-249, SALMONELLA-9",SPS,SPS
2024-2026,IN,India,05-Mar-25,2025-03-05,"SHRIMP AND PRAWNS, AQUACULTURE HARVESTED FISHERY/SEAFOOD PRODUCTS","9, 249",2,"FILTHY-249, SALMONELLA-9",SPS,SPS
2024-2026,IN,India,15-Nov-24,2024-11-15,"SHRIMP AND PRAWNS, AQUACULTURE HARVESTED FISHERY/SEAFOOD PRODUCTS",306,1,INSANITARY-306,SPS,SPS
2024-2026,IN,India,09-May-25,2025-05-09,"SHRIMP AND PRAWNS, AQUACULTURE HARVESTED FISHERY/SEAFOOD PRODUCTS","2860, 3220",2,"NITROFURAN-3220, VETDRUGRES-2860",SPS,SPS
2024-2026,IN,India,15-May-25,2025-05-15,SHRIMP & PRAWNS,"9, 249",2,"FILTHY-249, SALMONELLA-9",SPS,SPS
2024-2026,IN,India,31-Jul-25,2025-07-31,"ORIENTAL NOODLES (FLAVORED WITH SHRIMP,CHICKEN,BEEF,LOBSTER,CRAB,PLAIN,ETC.)","218, 482",2,"LIST INGRE-218, NUTRIT LBL-482",TBT,TBT
2024-2026,IN,India,18-Jun-25,2025-06-18,"SHRIMP AND PRAWNS, AQUACULTURE HARVESTED FISHERY/SEAFOOD PRODUCTS","9, 249",2,"FILTHY-249, SALMONELLA-9",SPS,SPS
2024-2026,IN,India,28-Aug-25,2025-08-28,"SHRIMP AND PRAWNS, AQUACULTURE HARVESTED FISHERY/SEAFOOD PRODUCTS","9, 249",2,"FILTHY-249, SALMONELLA-9",SPS,SPS
2024-2026,VN,Vietnam,15-Oct-24,2024-10-15,"SHRIMP & PRAWNS, BREADED","482, 2860, 3220",3,"NITROFURAN-3220, NUTRIT LBL-482, VETDRUGRES-2860","SPS, TBT",SPS+TBT
2024-2026,IN,India,16-Feb-24,2024-02-16,SHRIMP & PRAWNS,"2860, 3220",2,"NITROFURAN-3220, VETDRUGRES-2860",SPS,SPS
2024-2026,IN,India,04-Aug-25,2025-08-04,"SHRIMP AND PRAWNS, AQUACULTURE HARVESTED FISHERY/SEAFOOD PRODUCTS","2860, 3220",2,"NITROFURAN-3220, VETDRUGRES-2860",SPS,SPS
2024-2026,VN,Vietnam,04-Sep-24,2024-09-04,"SHRIMP AND PRAWNS, AQUACULTURE HARVESTED FISHERY/SEAFOOD PRODUCTS","2860, 2860",1,VETDRUGRES-2860,SPS,SPS
2024-2026,IN,India,05-Mar-25,2025-03-05,"SHRIMP AND PRAWNS, AQUACULTURE HARVESTED FISHERY/SEAFOOD PRODUCTS","9, 249",2,"FILTHY-249, SALMONELLA-9",SPS,SPS
2024-2026,IN,India,05-Aug-24,2024-08-05,"SHRIMP AND PRAWNS, AQUACULTURE HARVESTED FISHERY/SEAFOOD PRODUCTS","320, 2860",2,"LACKS FIRM-320, VETDRUGRES-2860","SPS, TBT",SPS+TBT
2024-2026,IN,India,30-Apr-24,2024-04-30,SHRIMP & PRAWNS,"2860, 3220",2,"NITROFURAN-3220, VETDRUGRES-2860",SPS,SPS
2024-2026,IN,India,01-Apr-25,2025-04-01,"SHRIMP AND PRAWNS, AQUACULTURE HARVESTED FISHERY/SEAFOOD PRODUCTS",2860,1,VETDRUGRES-2860,SPS,SPS
2024-2026,IN,India,28-Aug-25,2025-08-28,"SHRIMP AND PRAWNS, AQUACULTURE HARVESTED FISHERY/SEAFOOD PRODUCTS","9, 249",2,"FILTHY-249, SALMONELLA-9",SPS,SPS
2024-2026,IN,India,04-Aug-25,2025-08-04,"SHRIMP AND PRAWNS, AQUACULTURE HARVESTED FISHERY/SEAFOOD PRODUCTS","2860, 3220",2,"NITROFURAN-3220, VETDRUGRES-2860",SPS,SPS
2024-2026,VN,Vietnam,20-Mar-25,2025-03-20,"SHRIMP & PRAWNS, BREADED","2860, 3220",2,"NITROFURAN-3220, VETDRUGRES-2860",SPS,SPS
2024-2026,VN,Vietnam,15-Oct-24,2024-10-15,"SHRIMP AND PRAWNS, AQUACULTURE HARVESTED FISHERY/SEAFOOD PRODUCTS","2860, 3220",2,"NITROFURAN-3220, VETDRUGRES-2860",SPS,SPS
2024-2026,IN,India,20-Nov-24,2024-11-20,"SHRIMP AND PRAWNS, AQUACULTURE HARVESTED FISHERY/SEAFOOD PRODUCTS",2860,1,VETDRUGRES-2860,SPS,SPS
2024-2026,IN,India,16-Feb-24,2024-02-16,SHRIMP & PRAWNS,"2860, 3220",2,"NITROFURAN-3220, VETDRUGRES-2860",SPS,SPS
2024-2026,IN,India,30-Apr-24,2024-04-30,SHRIMP & PRAWNS,"2860, 3220",2,"NITROFURAN-3220, VETDRUGRES-2860",SPS,SPS
2024-2026,VN,Vietnam,05-Feb-24,2024-02-05,"SHRIMP AND PRAWNS, AQUACULTURE HARVESTED FISHERY/SEAFOOD PRODUCTS",3885,1,POIS CHLOR-3885,SPS,SPS
2024-2026,IN,India,09-May-25,2025-05-09,"SHRIMP AND PRAWNS, AQUACULTURE HARVESTED FISHERY/SEAFOOD PRODUCTS","2860, 3220",2,"NITROFURAN-3220, VETDRUGRES-2860",SPS,SPS
2024-2026,VN,Vietnam,28-Aug-24,2024-08-28,"SHRIMP AND PRAWNS, AQUACULTURE HARVESTED FISHERY/SEAFOOD PRODUCTS",2860,1,VETDRUGRES-2860,SPS,SPS
2024-2026,VN,Vietnam,28-Aug-24,2024-08-28,"SHRIMP AND PRAWNS, AQUACULTURE HARVESTED FISHERY/SEAFOOD PRODUCTS",2860,1,VETDRUGRES-2860,SPS,SPS
2024-2026,VN,Vietnam,01-Oct-25,2025-10-01,"SHRIMP AND PRAWNS, AQUACULTURE HARVESTED FISHERY/SEAFOOD PRODUCTS",2860,1,VETDRUGRES-2860,SPS,SPS
2024-2026,IN,India,24-Jul-25,2025-07-24,"SHRIMP AND PRAWNS, AQUACULTURE HARVESTED FISHERY/SEAFOOD PRODUCTS","2860, 3220",2,"NITROFURAN-3220, VETDRUGRES-2860",SPS,SPS
2024-2026,IN,India,24-Jul-25,2025-07-24,"SHRIMP AND PRAWNS, AQUACULTURE HARVESTED FISHERY/SEAFOOD PRODUCTS","2860, 3220",2,"NITROFURAN-3220, VETDRUGRES-2860",SPS,SPS
2024-2026,IN,India,14-Apr-25,2025-04-14,"SHRIMP AND PRAWNS, AQUACULTURE HARVESTED FISHERY/SEAFOOD PRODUCTS","9, 249",2,"FILTHY-249, SALMONELLA-9",SPS,SPS
2024-2026,IN,India,11-Jun-25,2025-06-11,"ORIENTAL NOODLES (FLAVORED WITH SHRIMP,CHICKEN,BEEF,LOBSTER,CRAB,PLAIN,ETC.)","256, 260, 482",3,"FALSE-260, INCONSPICU-256, NUTRIT LBL-482",TBT,TBT
2024-2026,IN,India,11-Apr-25,2025-04-11,"SHRIMP AND PRAWNS, AQUACULTURE HARVESTED FISHERY/SEAFOOD PRODUCTS",2860,1,VETDRUGRES-2860,SPS,SPS
2024-2026,IN,India,17-Jan-25,2025-01-17,SHRIMP & PRAWNS,"9, 249",2,"FILTHY-249, SALMONELLA-9",SPS,SPS
2024-2026,VN,Vietnam,13-Nov-25,2025-11-13,"SHRIMP & PRAWNS, BREADED","2860, 3220",2,"NITROFURAN-3220, VETDRUGRES-2860",SPS,SPS
2024-2026,VN,Vietnam,17-Oct-25,2025-10-17,"SHRIMP AND PRAWNS, AQUACULTURE HARVESTED FISHERY/SEAFOOD PRODUCTS","2860, 3220",2,"NITROFURAN-3220, VETDRUGRES-2860",SPS,SPS
2024-2026,IN,India,05-Mar-25,2025-03-05,"SHRIMP AND PRAWNS, AQUACULTURE HARVESTED FISHERY/SEAFOOD PRODUCTS","9, 249",2,"FILTHY-249, SALMONELLA-9",SPS,SPS
2024-2026,IN,India,06-Feb-24,2024-02-06,"SHRIMP AND PRAWNS, AQUACULTURE HARVESTED FISHERY/SEAFOOD PRODUCTS",249,1,FILTHY-249,SPS,SPS
2024-2026,IN,India,11-Sep-25,2025-09-11,"SHRIMP AND PRAWNS, AQUACULTURE HARVESTED FISHERY/SEAFOOD PRODUCTS",2860,1,VETDRUGRES-2860,SPS,SPS
2024-2026,IN,India,16-Feb-24,2024-02-16,"SHRIMP AND PRAWNS, AQUACULTURE HARVESTED FISHERY/SEAFOOD PRODUCTS","2860, 3220",2,"NITROFURAN-3220, VETDRUGRES-2860",SPS,SPS
2024-2026,VN,Vietnam,15-Oct-24,2024-10-15,"SHRIMP AND PRAWNS, AQUACULTURE HARVESTED FISHERY/SEAFOOD PRODUCTS","2860, 3220",2,"NITROFURAN-3220, VETDRUGRES-2860",SPS,SPS
2024-2026,IN,India,05-Mar-25,2025-03-05,"SHRIMP AND PRAWNS, AQUACULTURE HARVESTED FISHERY/SEAFOOD PRODUCTS","9, 249",2,"FILTHY-249, SALMONELLA-9",SPS,SPS
2024-2026,IN,India,05-Mar-25,2025-03-05,"SHRIMP AND PRAWNS, AQUACULTURE HARVESTED FISHERY/SEAFOOD PRODUCTS","9, 249",2,"FILTHY-249, SALMONELLA-9",SPS,SPS
2024-2026,IN,India,02-May-24,2024-05-02,"SHRIMP AND PRAWNS, AQUACULTURE HARVESTED FISHERY/SEAFOOD PRODUCTS",2860,1,VETDRUGRES-2860,SPS,SPS
2024-2026,IN,India,05-Mar-25,2025-03-05,"SHRIMP AND PRAWNS, AQUACULTURE HARVESTED FISHERY/SEAFOOD PRODUCTS","9, 249",2,"FILTHY-249, SALMONELLA-9",SPS,SPS
2024-2026,IN,India,23-Sep-24,2024-09-23,"SHRIMP AND PRAWNS, AQUACULTURE HARVESTED FISHERY/SEAFOOD PRODUCTS","2900, 3885",2,"CHLORAMP-2900, POIS CHLOR-3885",SPS,SPS
2024-2026,IN,India,30-May-24,2024-05-30,"SHRIMP AND PRAWNS, AQUACULTURE HARVESTED FISHERY/SEAFOOD PRODUCTS",2860,1,VETDRUGRES-2860,SPS,SPS
2024-2026,IN,India,14-Jun-24,2024-06-14,"SHRIMP AND PRAWNS, AQUACULTURE HARVESTED FISHERY/SEAFOOD PRODUCTS",3220,1,NITROFURAN-3220,SPS,SPS
2024-2026,IN,India,23-Sep-24,2024-09-23,"SHRIMP AND PRAWNS, AQUACULTURE HARVESTED FISHERY/SEAFOOD PRODUCTS","2900, 3885",2,"CHLORAMP-2900, POIS CHLOR-3885",SPS,SPS
2024-2026,IN,India,06-Nov-25,2025-11-06,"SHRIMP AND PRAWNS, AQUACULTURE HARVESTED FISHERY/SEAFOOD PRODUCTS","2860, 3220",2,"NITROFURAN-3220, VETDRUGRES-2860",SPS,SPS
2024-2026,IN,India,05-Mar-25,2025-03-05,"SHRIMP AND PRAWNS, AQUACULTURE HARVESTED FISHERY/SEAFOOD PRODUCTS","9, 249",2,"FILTHY-249, SALMONELLA-9",SPS,SPS
2024-2026,VN,Vietnam,28-Aug-24,2024-08-28,"SHRIMP AND PRAWNS, AQUACULTURE HARVESTED FISHERY/SEAFOOD PRODUCTS",2860,1,VETDRUGRES-2860,SPS,SPS
2024-2026,IN,India,05-Mar-25,2025-03-05,"SHRIMP AND PRAWNS, AQUACULTURE HARVESTED FISHERY/SEAFOOD PRODUCTS","9, 249",2,"FILTHY-249, SALMONELLA-9",SPS,SPS
2024-2026,IN,India,15-May-25,2025-05-15,SHRIMP & PRAWNS,"9, 249",2,"FILTHY-249, SALMONELLA-9",SPS,SPS
2024-2026,IN,India,18-Jun-25,2025-06-18,"SHRIMP AND PRAWNS, AQUACULTURE HARVESTED FISHERY/SEAFOOD PRODUCTS",2860,1,VETDRUGRES-2860,SPS,SPS
2024-2026,VN,Vietnam,28-Aug-24,2024-08-28,"SHRIMP AND PRAWNS, AQUACULTURE HARVESTED FISHERY/SEAFOOD PRODUCTS",2860,1,VETDRUGRES-2860,SPS,SPS
2024-2026,IN,India,11-Apr-25,2025-04-11,"SHRIMP AND PRAWNS, AQUACULTURE HARVESTED FISHERY/SEAFOOD PRODUCTS",2860,1,VETDRUGRES-2860,SPS,SPS
2024-2026,IN,India,11-Jun-25,2025-06-11,"ORIENTAL NOODLES (FLAVORED WITH SHRIMP,CHICKEN,BEEF,LOBSTER,CRAB,PLAIN,ETC.)","256, 260, 482",3,"FALSE-260, INCONSPICU-256, NUTRIT LBL-482",TBT,TBT
2024-2026,IN,India,03-Jan-25,2025-01-03,"SHRIMP AND PRAWNS, AQUACULTURE HARVESTED FISHERY/SEAFOOD PRODUCTS","9, 249",2,"FILTHY-249, SALMONELLA-9",SPS,SPS
2024-2026,IN,India,16-Apr-25,2025-04-16,"SHRIMP AND PRAWNS, AQUACULTURE HARVESTED FISHERY/SEAFOOD PRODUCTS",249,1,FILTHY-249,SPS,SPS
2024-2026,IN,India,28-Feb-25,2025-02-28,SHRIMP & PRAWNS,"2900, 3885",2,"CHLORAMP-2900, POIS CHLOR-3885",SPS,SPS
2024-2026,IN,India,15-May-25,2025-05-15,"ORIENTAL NOODLES (FLAVORED WITH SHRIMP,CHICKEN,BEEF,LOBSTER,CRAB,PLAIN,ETC.)",249,1,FILTHY-249,SPS,SPS
2024-2026,IN,India,03-Feb-25,2025-02-03,"SHRIMP AND PRAWNS, AQUACULTURE HARVESTED FISHERY/SEAFOOD PRODUCTS",9,1,SALMONELLA-9,SPS,SPS
2024-2026,IN,India,29-May-25,2025-05-29,"SHRIMP AND PRAWNS, AQUACULTURE HARVESTED FISHERY/SEAFOOD PRODUCTS","9, 249",2,"FILTHY-249, SALMONELLA-9",SPS,SPS
2024-2026,IN,India,05-Aug-24,2024-08-05,"SHRIMP AND PRAWNS, AQUACULTURE HARVESTED FISHERY/SEAFOOD PRODUCTS","320, 2860",2,"LACKS FIRM-320, VETDRUGRES-2860","SPS, TBT",SPS+TBT
2024-2026,IN,India,05-Mar-25,2025-03-05,"SHRIMP AND PRAWNS, AQUACULTURE HARVESTED FISHERY/SEAFOOD PRODUCTS","9, 249",2,"FILTHY-249, SALMONELLA-9",SPS,SPS
2024-2026,VN,Vietnam,24-Jul-25,2025-07-24,"SHRIMP & PRAWNS, BREADED",9,1,SALMONELLA-9,SPS,SPS
2024-2026,IN,India,05-Mar-25,2025-03-05,"SHRIMP AND PRAWNS, AQUACULTURE HARVESTED FISHERY/SEAFOOD PRODUCTS","9, 249",2,"FILTHY-249, SALMONELLA-9",SPS,SPS
2024-2026,VN,Vietnam,20-Mar-25,2025-03-20,"SHRIMP & PRAWNS, BREADED","2860, 3220",2,"NITROFURAN-3220, VETDRUGRES-2860",SPS,SPS
2024-2026,VN,Vietnam,15-Oct-24,2024-10-15,"SHRIMP AND PRAWNS, AQUACULTURE HARVESTED FISHERY/SEAFOOD PRODUCTS","2860, 3220",2,"NITROFURAN-3220, VETDRUGRES-2860",SPS,SPS
2024-2026,IN,India,05-Mar-25,2025-03-05,"SHRIMP AND PRAWNS, AQUACULTURE HARVESTED FISHERY/SEAFOOD PRODUCTS","9, 249",2,"FILTHY-249, SALMONELLA-9",SPS,SPS
2024-2026,VN,Vietnam,21-Mar-25,2025-03-21,"SHRIMP AND PRAWNS, AQUACULTURE HARVESTED FISHERY/SEAFOOD PRODUCTS",2860,1,VETDRUGRES-2860,SPS,SPS
2024-2026,VN,Vietnam,27-May-25,2025-05-27,"SHRIMP AND PRAWNS, AQUACULTURE HARVESTED FISHERY/SEAFOOD PRODUCTS",3220,1,NITROFURAN-3220,SPS,SPS
2024-2026,IN,India,15-Oct-25,2025-10-15,"SHRIMP AND PRAWNS, AQUACULTURE HARVESTED FISHERY/SEAFOOD PRODUCTS","2860, 3220",2,"NITROFURAN-3220, VETDRUGRES-2860",SPS,SPS
2024-2026,VN,Vietnam,20-Nov-25,2025-11-20,"SHRIMP AND PRAWNS, AQUACULTURE HARVESTED FISHERY/SEAFOOD PRODUCTS",3885,1,POIS CHLOR-3885,SPS,SPS
2024-2026,IN,India,19-Feb-25,2025-02-19,"SHRIMP AND PRAWNS, AQUACULTURE HARVESTED FISHERY/SEAFOOD PRODUCTS","9, 249",2,"FILTHY-249, SALMONELLA-9",SPS,SPS
2024-2026,IN,India,24-Jul-25,2025-07-24,"SHRIMP AND PRAWNS, AQUACULTURE HARVESTED FISHERY/SEAFOOD PRODUCTS","2860, 3220",2,"NITROFURAN-3220, VETDRUGRES-2860",SPS,SPS
2024-2026,IN,India,10-Jan-25,2025-01-10,"SHRIMP AND PRAWNS, AQUACULTURE HARVESTED FISHERY/SEAFOOD PRODUCTS",9,1,SALMONELLA-9,SPS,SPS
2024-2026,VN,Vietnam,26-Jun-25,2025-06-26,SHRIMP & PRAWNS,249,1,FILTHY-249,SPS,SPS
2024-2026,IN,India,14-Aug-24,2024-08-14,"SHRIMP AND PRAWNS, AQUACULTURE HARVESTED FISHERY/SEAFOOD PRODUCTS",9,1,SALMONELLA-9,SPS,SPS
2024-2026,IN,India,05-Mar-25,2025-03-05,"SHRIMP AND PRAWNS, AQUACULTURE HARVESTED FISHERY/SEAFOOD PRODUCTS","9, 249",2,"FILTHY-249, SALMONELLA-9",SPS,SPS
2024-2026,IN,India,27-Aug-25,2025-08-27,"SHRIMP AND PRAWNS, AQUACULTURE HARVESTED FISHERY/SEAFOOD PRODUCTS",315,1,ADDED BULK-315,SPS,SPS
2024-2026,VN,Vietnam,28-Feb-24,2024-02-28,"SHRIMP AND PRAWNS, AQUACULTURE HARVESTED FISHERY/SEAFOOD PRODUCTS","2900, 3885",2,"CHLORAMP-2900, POIS CHLOR-3885",SPS,SPS
2024-2026,IN,India,27-Feb-24,2024-02-27,"SHRIMP AND PRAWNS, AQUACULTURE HARVESTED FISHERY/SEAFOOD PRODUCTS",249,1,FILTHY-249,SPS,SPS
2024-2026,VN,Vietnam,11-Apr-25,2025-04-11,"SHRIMP AND PRAWNS, AQUACULTURE HARVESTED FISHERY/SEAFOOD PRODUCTS",3885,1,POIS CHLOR-3885,SPS,SPS
2024-2026,IN,India,15-Oct-25,2025-10-15,"SHRIMP AND PRAWNS, AQUACULTURE HARVESTED FISHERY/SEAFOOD PRODUCTS","2860, 3220",2,"NITROFURAN-3220, VETDRUGRES-2860",SPS,SPS
2024-2026,IN,India,05-Mar-24,2024-03-05,"SHRIMP AND PRAWNS, AQUACULTURE HARVESTED FISHERY/SEAFOOD PRODUCTS","9, 249",2,"FILTHY-249, SALMONELLA-9",SPS,SPS
2024-2026,IN,India,24-Jul-25,2025-07-24,"SHRIMP AND PRAWNS, AQUACULTURE HARVESTED FISHERY/SEAFOOD PRODUCTS","2860, 3220",2,"NITROFURAN-3220, VETDRUGRES-2860",SPS,SPS
2024-2026,IN,India,12-Apr-24,2024-04-12,"SHRIMP AND PRAWNS, AQUACULTURE HARVESTED FISHERY/SEAFOOD PRODUCTS","249, 2860, 3220",3,"FILTHY-249, NITROFURAN-3220, VETDRUGRES-2860",SPS,SPS
2024-2026,VN,Vietnam,15-Oct-24,2024-10-15,"SHRIMP & PRAWNS, BREADED","482, 2860, 3220",3,"NITROFURAN-3220, NUTRIT LBL-482, VETDRUGRES-2860","SPS, TBT",SPS+TBT
2024-2026,IN,India,11-Mar-25,2025-03-11,"SHRIMP AND PRAWNS, AQUACULTURE HARVESTED FISHERY/SEAFOOD PRODUCTS","2860, 3220",2,"NITROFURAN-3220, VETDRUGRES-2860",SPS,SPS
2024-2026,IN,India,23-Feb-24,2024-02-23,"SHRIMP AND PRAWNS, AQUACULTURE HARVESTED FISHERY/SEAFOOD PRODUCTS","2860, 3220",2,"NITROFURAN-3220, VETDRUGRES-2860",SPS,SPS
2024-2026,VN,Vietnam,20-Mar-25,2025-03-20,"SHRIMP & PRAWNS, BREADED","2860, 3220",2,"NITROFURAN-3220, VETDRUGRES-2860",SPS,SPS
2024-2026,IN,India,14-Nov-24,2024-11-14,"SHRIMP AND PRAWNS, AQUACULTURE HARVESTED FISHERY/SEAFOOD PRODUCTS",9,1,SALMONELLA-9,SPS,SPS
2024-2026,IN,India,11-Feb-25,2025-02-11,"SHRIMP AND PRAWNS, AQUACULTURE HARVESTED FISHERY/SEAFOOD PRODUCTS",9,1,SALMONELLA-9,SPS,SPS
2024-2026,IN,India,31-Jul-25,2025-07-31,"ORIENTAL NOODLES (FLAVORED WITH SHRIMP,CHICKEN,BEEF,LOBSTER,CRAB,PLAIN,ETC.)","218, 321, 482",3,"LACKS N/C-321, LIST INGRE-218, NUTRIT LBL-482",TBT,TBT
2024-2026,IN,India,04-Apr-24,2024-04-04,"SHRIMP AND PRAWNS, AQUACULTURE HARVESTED FISHERY/SEAFOOD PRODUCTS",2860,1,VETDRUGRES-2860,SPS,SPS
2024-2026,IN,India,05-Mar-25,2025-03-05,"SHRIMP AND PRAWNS, AQUACULTURE HARVESTED FISHERY/SEAFOOD PRODUCTS","9, 249",2,"FILTHY-249, SALMONELLA-9",SPS,SPS
2024-2026,IN,India,05-Mar-25,2025-03-05,"SHRIMP AND PRAWNS, AQUACULTURE HARVESTED FISHERY/SEAFOOD PRODUCTS","9, 249",2,"FILTHY-249, SALMONELLA-9",SPS,SPS
2024-2026,IN,India,05-Jan-24,2024-01-05,"SHRIMP AND PRAWNS, AQUACULTURE HARVESTED FISHERY/SEAFOOD PRODUCTS",2860,1,VETDRUGRES-2860,SPS,SPS
2024-2026,VN,Vietnam,26-Jun-25,2025-06-26,"SHRIMP SAUCE, FISHERY PRODUCTS, N.E.C.",249,1,FILTHY-249,SPS,SPS
2024-2026,IN,India,01-Apr-25,2025-04-01,"SHRIMP AND PRAWNS, AQUACULTURE HARVESTED FISHERY/SEAFOOD PRODUCTS",2860,1,VETDRUGRES-2860,SPS,SPS
2024-2026,IN,India,31-Jul-25,2025-07-31,"ORIENTAL NOODLES (FLAVORED WITH SHRIMP,CHICKEN,BEEF,LOBSTER,CRAB,PLAIN,ETC.)","321, 482",2,"LACKS N/C-321, NUTRIT LBL-482",TBT,TBT
2024-2026,IN,India,02-Apr-24,2024-04-02,"SHRIMP AND PRAWNS, AQUACULTURE HARVESTED FISHERY/SEAFOOD PRODUCTS","2860, 3220",2,"NITROFURAN-3220, VETDRUGRES-2860",SPS,SPS
2024-2026,IN,India,13-Jun-25,2025-06-13,"SHRIMP AND PRAWNS, AQUACULTURE HARVESTED FISHERY/SEAFOOD PRODUCTS","9, 249, 2860, 3220",4,"FILTHY-249, NITROFURAN-3220, SALMONELLA-9, VETDRUGRES-2860",SPS,SPS
2024-2026,IN,India,31-Jul-24,2024-07-31,"SHRIMP AND PRAWNS, AQUACULTURE HARVESTED FISHERY/SEAFOOD PRODUCTS",3220,1,NITROFURAN-3220,SPS,SPS
2024-2026,IN,India,24-Jul-25,2025-07-24,"SHRIMP AND PRAWNS, AQUACULTURE HARVESTED FISHERY/SEAFOOD PRODUCTS","2860, 3220",2,"NITROFURAN-3220, VETDRUGRES-2860",SPS,SPS
2024-2026,VN,Vietnam,17-Dec-25,2025-12-17,"ORIENTAL NOODLES (FLAVORED WITH SHRIMP,CHICKEN,BEEF,LOBSTER,CRAB,PLAIN,ETC.)","324, 473, 482",3,"LABELING-473, NO ENGLISH-324, NUTRIT LBL-482",TBT,TBT
2024-2026,VN,Vietnam,28-Aug-24,2024-08-28,"SHRIMP & PRAWNS, BREADED",2860,1,VETDRUGRES-2860,SPS,SPS
2024-2026,IN,India,17-Jan-25,2025-01-17,SHRIMP & PRAWNS,"9, 249",2,"FILTHY-249, SALMONELLA-9",SPS,SPS
2024-2026,VN,Vietnam,24-Jul-25,2025-07-24,SHRIMP & PRAWNS,9,1,SALMONELLA-9,SPS,SPS
2024-2026,IN,India,30-Apr-24,2024-04-30,SHRIMP & PRAWNS,"2860, 3220",2,"NITROFURAN-3220, VETDRUGRES-2860",SPS,SPS
2024-2026,IN,India,23-Aug-24,2024-08-23,"SHRIMP AND PRAWNS, AQUACULTURE HARVESTED FISHERY/SEAFOOD PRODUCTS","2860, 3220",2,"NITROFURAN-3220, VETDRUGRES-2860",SPS,SPS
2024-2026,IN,India,10-Dec-24,2024-12-10,"SHRIMP AND PRAWNS, AQUACULTURE HARVESTED FISHERY/SEAFOOD PRODUCTS",249,1,FILTHY-249,SPS,SPS
2024-2026,VN,Vietnam,20-Mar-25,2025-03-20,"SHRIMP & PRAWNS, BREADED","2860, 3220",2,"NITROFURAN-3220, VETDRUGRES-2860",SPS,SPS
2024-2026,VN,Vietnam,24-Jul-25,2025-07-24,"SHRIMP & PRAWNS, BREADED",9,1,SALMONELLA-9,SPS,SPS
2024-2026,IN,India,12-Feb-24,2024-02-12,"SHRIMP AND PRAWNS, AQUACULTURE HARVESTED FISHERY/SEAFOOD PRODUCTS","9, 249, 249",2,"FILTHY-249, SALMONELLA-9",SPS,SPS
2024-2026,IN,India,17-Jun-25,2025-06-17,"SHRIMP AND PRAWNS, AQUACULTURE HARVESTED FISHERY/SEAFOOD PRODUCTS",3220,1,NITROFURAN-3220,SPS,SPS
2024-2026,IN,India,31-Jul-25,2025-07-31,"ORIENTAL NOODLES (FLAVORED WITH SHRIMP,CHICKEN,BEEF,LOBSTER,CRAB,PLAIN,ETC.)","218, 482",2,"LIST INGRE-218, NUTRIT LBL-482",TBT,TBT
