country,_date,category_class,subject,hazards,reason_text,reference
Vietnam,2025-12-11 15:40:13,SPS,Oxytetracycline in frozen giant shrimp tails (Penaeus monodon) from Vietnam,oxytetracycline  residue level above MRL - {residues of veterinary medicinal products},Oxytetracycline in frozen giant shrimp tails (Penaeus monodon) from Vietnam | oxytetracycline  residue level above MRL - {residues of veterinary medicinal products},2025.9941
India,2025-12-11 10:49:44,SPS,Nitrofurans ((SEM) in shrimps from India,nitrofuran (metabolite) nitrofurazone (SEM) prohibited substance - {residues of veterinary medicinal products},Nitrofurans ((SEM) in shrimps from India | nitrofuran (metabolite) nitrofurazone (SEM) prohibited substance - {residues of veterinary medicinal products},2025.9911
Vietnam,2025-12-10 15:36:07,SPS,Leucomalachite Green in Vannamei shrimps from Vietnam,leucomalachite green prohibited substance - {residues of veterinary medicinal products},Leucomalachite Green in Vannamei shrimps from Vietnam | leucomalachite green prohibited substance - {residues of veterinary medicinal products},2025.9883
India,2025-11-21 10:07:41,SPS,"3-amino-2-oxazolidinone (AOZ) in shrimp from India, via Belgium",nitrofuran (metabolite) furazolidone (AOZ) prohibited substance - {residues of veterinary medicinal products},"3-amino-2-oxazolidinone (AOZ) in shrimp from India, via Belgium | nitrofuran (metabolite) furazolidone (AOZ) prohibited substance - {residues of veterinary medicinal products}",2025.9205
Ecuador,2025-11-19 11:39:04,SPS,Vibrio cholerae in mazzancolle congelate (Litopenaeus vannamei) dall'Ecuador//Vibrio cholerae in frozen whiteleg shrimps (Litopenaeus vannamei),Vibrio cholerae  - {pathogenic micro-organisms},Vibrio cholerae in mazzancolle congelate (Litopenaeus vannamei) dall'Ecuador//Vibrio cholerae in frozen whiteleg shrimps (Litopenaeus vannamei) | Vibrio cholerae  - {pathogenic micro-organisms},2025.9103
Ecuador,2025-11-07 14:37:32,SPS,Vibrio cholerae in mazzancolle (Litopenaeus vannamei) dall'Ecuador//Vibrio cholerae in frozen whiteleg shrimps (Litopenaeus vannamei),Vibrio cholerae  - {pathogenic micro-organisms},Vibrio cholerae in mazzancolle (Litopenaeus vannamei) dall'Ecuador//Vibrio cholerae in frozen whiteleg shrimps (Litopenaeus vannamei) | Vibrio cholerae  - {pathogenic micro-organisms},2025.8701
Ecuador,2025-11-07 14:18:14,SPS,Vibrio cholerae in in prawns dall'Ecuador,Vibrio cholerae  - {pathogenic micro-organisms},Vibrio cholerae in in prawns dall'Ecuador | Vibrio cholerae  - {pathogenic micro-organisms},2025.8695
Ecuador,2025-11-07 14:11:09,SPS,Vibrio cholerae in prawns dall'Ecuador,Vibrio cholerae  - {pathogenic micro-organisms},Vibrio cholerae in prawns dall'Ecuador | Vibrio cholerae  - {pathogenic micro-organisms},2025.8694
Ecuador,2025-11-07 09:41:43,SPS,Vibrio cholerae in Prawns from Ecuador /Vibrio cholerae in mazzancolle dall'Ecuador,Vibrio cholerae  - {pathogenic micro-organisms},Vibrio cholerae in Prawns from Ecuador /Vibrio cholerae in mazzancolle dall'Ecuador | Vibrio cholerae  - {pathogenic micro-organisms},2025.8663
Ecuador,2025-10-28 13:57:56,SPS,Vibrio cholerae in mazzancolle dall'Ecuador // Vibrio cholerae in frozen whiteleg shrimps (Litopenaeus vannamei),Vibrio cholerae  - {pathogenic micro-organisms},Vibrio cholerae in mazzancolle dall'Ecuador // Vibrio cholerae in frozen whiteleg shrimps (Litopenaeus vannamei) | Vibrio cholerae  - {pathogenic micro-organisms},2025.8336
India,2025-10-15 11:02:30,SPS,Presenza di Salmonella spp  in Code di gamberone monocero scottate congelate IQF/Presence of Salmonella spp in IQF frozen lightly cooked prawn tails from India,Salmonella spp.  - {pathogenic micro-organisms},Presenza di Salmonella spp  in Code di gamberone monocero scottate congelate IQF/Presence of Salmonella spp in IQF frozen lightly cooked prawn tails from India | Salmonella spp.  - {pathogenic micro-organisms},2025.7903
India,2025-10-02 13:37:47,SPS,Nitrofurans in frozen shrimps from India,nitrofuran metabolite aminoguanidine (AGN) prohibited substance - {residues of veterinary medicinal products},Nitrofurans in frozen shrimps from India | nitrofuran metabolite aminoguanidine (AGN) prohibited substance - {residues of veterinary medicinal products},2025.7528
India,2025-09-17 15:52:38,SPS,Nitrofurans (NPAOZ) in frozen shrimps from India,nitrofuran (metabolite) furazolidone (AOZ) prohibited substance - {residues of veterinary medicinal products},Nitrofurans (NPAOZ) in frozen shrimps from India | nitrofuran (metabolite) furazolidone (AOZ) prohibited substance - {residues of veterinary medicinal products},2025.7137
Vietnam,2025-08-18 16:00:03,SPS,Nitrofurans (AOZ) in shrimps from Vietnam,nitrofuran (metabolite) furazolidone (AOZ) prohibited substance - {residues of veterinary medicinal products},Nitrofurans (AOZ) in shrimps from Vietnam | nitrofuran (metabolite) furazolidone (AOZ) prohibited substance - {residues of veterinary medicinal products},2025.6283
Vietnam,2025-08-18 15:52:49,SPS,Nitrofurans (AOZ) in shrimps from Vietnam,nitrofuran (metabolite) furazolidone (AOZ) prohibited substance - {residues of veterinary medicinal products},Nitrofurans (AOZ) in shrimps from Vietnam | nitrofuran (metabolite) furazolidone (AOZ) prohibited substance - {residues of veterinary medicinal products},2025.6281
Ecuador,2025-08-05 10:20:18,Other,Presence of sulfites on a batch of shrimp from Ecuador,sulphite  unauthorised - {food additives and flavourings},Presence of sulfites on a batch of shrimp from Ecuador | sulphite  unauthorised - {food additives and flavourings},2025.5935
Vietnam,2025-08-01 14:01:52,SPS,Nitrofurans (AOZ) in shrimps from Vietnam,nitrofuran (metabolite) furazolidone (AOZ) prohibited substance - {residues of veterinary medicinal products},Nitrofurans (AOZ) in shrimps from Vietnam | nitrofuran (metabolite) furazolidone (AOZ) prohibited substance - {residues of veterinary medicinal products},2025.5882
Ecuador,2025-07-15 09:59:44,SPS,Triphenylmethane dyes in shrimp (Litopenaeus vannamei) from Ecuador,"crystal violet  unauthorised substance - {residues of veterinary medicinal products},victoria pure blue BO   - {residues of veterinary medicinal products}","Triphenylmethane dyes in shrimp (Litopenaeus vannamei) from Ecuador | crystal violet  unauthorised substance - {residues of veterinary medicinal products},victoria pure blue BO   - {residues of veterinary medicinal products}",2025.5357
India,2025-07-11 16:43:41,Other,High content of sulphite in frozen blanched headless shrimps IQF (Metapenaeus monoceros) from India,sulphite  too high content - {food additives and flavourings},High content of sulphite in frozen blanched headless shrimps IQF (Metapenaeus monoceros) from India | sulphite  too high content - {food additives and flavourings},2025.5312
Ecuador,2025-07-10 17:14:58,SPS,Vibrio parahaemolyticus in frozen shrimps from Ecuador,Vibrio parahaemolyticus  - {pathogenic micro-organisms},Vibrio parahaemolyticus in frozen shrimps from Ecuador | Vibrio parahaemolyticus  - {pathogenic micro-organisms},2025.5268
India,2025-07-02 16:24:31,SPS,Detection of Vibrio in prawns,"Vibrio parahaemolyticus  - {pathogenic micro-organisms},Vibrio vulnificus  - {pathogenic micro-organisms}","Detection of Vibrio in prawns | Vibrio parahaemolyticus  - {pathogenic micro-organisms},Vibrio vulnificus  - {pathogenic micro-organisms}",2025.5004
India,2025-06-11 15:45:12,SPS,Vibrio parahaemolyticus in gamberi dall'India/Vibrio parahaemolyticus in shrimp from India,Vibrio parahaemolyticus  - {pathogenic micro-organisms},Vibrio parahaemolyticus in gamberi dall'India/Vibrio parahaemolyticus in shrimp from India | Vibrio parahaemolyticus  - {pathogenic micro-organisms},2025.4388
Ecuador,2025-06-11 13:31:36,SPS,Vibrio cholerae en langostinos de Ecuador // Vibrio cholerae in shrimps from Ecuador,Vibrio cholerae  - {pathogenic micro-organisms},Vibrio cholerae en langostinos de Ecuador // Vibrio cholerae in shrimps from Ecuador | Vibrio cholerae  - {pathogenic micro-organisms},2025.4375
Ecuador,2025-06-03 15:02:37,SPS,Vibrio vulnificus in frozen white tiger prawns (Litopenaeus vannamei) from Ecuador,Vibrio vulnificus  - {pathogenic micro-organisms},Vibrio vulnificus in frozen white tiger prawns (Litopenaeus vannamei) from Ecuador | Vibrio vulnificus  - {pathogenic micro-organisms},2025.4144
India,2025-05-28 09:16:12,SPS,Presence of Vibrio parahaemolyticus in shelled shrimps from India /// Prezenta Vibrio parahaemolyticus in creveti decorticati origine India,Vibrio parahaemolyticus  - {pathogenic micro-organisms},Presence of Vibrio parahaemolyticus in shelled shrimps from India /// Prezenta Vibrio parahaemolyticus in creveti decorticati origine India | Vibrio parahaemolyticus  - {pathogenic micro-organisms},2025.3979
Ecuador,2025-05-27 15:57:54,SPS,Vibrio parahaemolyticus in frozen shrimps from Ecuador,Vibrio parahaemolyticus  - {pathogenic micro-organisms},Vibrio parahaemolyticus in frozen shrimps from Ecuador | Vibrio parahaemolyticus  - {pathogenic micro-organisms},2025.3969
Ecuador,2025-05-22 14:52:21,SPS, Vibrio cholerae in frozen prawns from Ecuador / Vibrio Cholerae en langostinos  de Ecuador;,Vibrio cholerae  - {pathogenic micro-organisms}, Vibrio cholerae in frozen prawns from Ecuador / Vibrio Cholerae en langostinos  de Ecuador; | Vibrio cholerae  - {pathogenic micro-organisms},2025.3823
Ecuador,2025-05-21 15:13:03,SPS, Vibrio cholerae in frozen prawns from Ecuador,Vibrio cholerae  - {pathogenic micro-organisms}, Vibrio cholerae in frozen prawns from Ecuador | Vibrio cholerae  - {pathogenic micro-organisms},2025.3785
Ecuador,2025-05-16 17:19:11,SPS,Vibrio cholerae and parahaemolyticus in shrimps from Ecuador,"Vibrio cholerae  - {pathogenic micro-organisms},Vibrio parahaemolyticus  - {pathogenic micro-organisms}","Vibrio cholerae and parahaemolyticus in shrimps from Ecuador | Vibrio cholerae  - {pathogenic micro-organisms},Vibrio parahaemolyticus  - {pathogenic micro-organisms}",2025.3688
Ecuador,2025-05-14 11:33:27,SPS,Vibrio Cholerae en langostinos de Ecuador; V. Cholerae in frozen prawns from Ecuador;,Vibrio cholerae  - {pathogenic micro-organisms},Vibrio Cholerae en langostinos de Ecuador; V. Cholerae in frozen prawns from Ecuador; | Vibrio cholerae  - {pathogenic micro-organisms},2025.3593
India,2025-05-12 14:46:01,SPS,Leucomalachite green in Black Tiger Shrimps from India,leucomalachite green prohibited substance - {residues of veterinary medicinal products},Leucomalachite green in Black Tiger Shrimps from India | leucomalachite green prohibited substance - {residues of veterinary medicinal products},2025.352
Vietnam,2025-04-16 16:00:11,Other,Detection of undeclared sulfites in frozen shrimp,sulphite  undeclared - {allergens},Detection of undeclared sulfites in frozen shrimp | sulphite  undeclared - {allergens},2025.2871
India,2025-04-09 10:53:32,SPS,Nitrofurans (AOZ) in shrimps from India,nitrofuran (metabolite) furazolidone (AOZ) prohibited substance - {residues of veterinary medicinal products},Nitrofurans (AOZ) in shrimps from India | nitrofuran (metabolite) furazolidone (AOZ) prohibited substance - {residues of veterinary medicinal products},2025.2622
Ecuador,2025-04-08 16:59:04,SPS,Vibrio cholerae in cooked prawns from Ecuador,"Vibrio alginolyticus  - {pathogenic micro-organisms},Vibrio cholerae  - {pathogenic micro-organisms}","Vibrio cholerae in cooked prawns from Ecuador | Vibrio alginolyticus  - {pathogenic micro-organisms},Vibrio cholerae  - {pathogenic micro-organisms}",2025.2606
India,2025-04-01 12:16:28,SPS,Furazolidon (aoz) in Shrimp India,furazolidon   - {residues of veterinary medicinal products},Furazolidon (aoz) in Shrimp India | furazolidon   - {residues of veterinary medicinal products},2025.2394
Ecuador,2025-03-24 15:36:50,SPS,Vibrio vulnificus and Vibrio parahaemolyticus in shrimps,"Vibrio parahaemolyticus  - {pathogenic micro-organisms},Vibrio vulnificus  - {pathogenic micro-organisms}","Vibrio vulnificus and Vibrio parahaemolyticus in shrimps | Vibrio parahaemolyticus  - {pathogenic micro-organisms},Vibrio vulnificus  - {pathogenic micro-organisms}",2025.2167
Vietnam,2025-03-05 12:02:21,Other,Undeclared egg in breaded shrimps from Vietnam,egg  undeclared - {allergens},Undeclared egg in breaded shrimps from Vietnam | egg  undeclared - {allergens},2025.1562
Vietnam,2025-02-20 15:59:02,SPS,"3-amino-2-oxazolidinone (main metabolite of furazolidone) in frozen shrimp skewers from Vietnam, vie the Netherlands",nitrofuran (metabolite) furazolidone (AOZ) prohibited substance - {residues of veterinary medicinal products},"3-amino-2-oxazolidinone (main metabolite of furazolidone) in frozen shrimp skewers from Vietnam, vie the Netherlands | nitrofuran (metabolite) furazolidone (AOZ) prohibited substance - {residues of veterinary medicinal products}",2025.1222
Ecuador,2025-02-19 08:55:33,Other,Sulphites in shrimp from Ecuador,sulphite  too high content - {food additives and flavourings},Sulphites in shrimp from Ecuador | sulphite  too high content - {food additives and flavourings},2025.1155
Ecuador,2025-12-17 08:47:23,SPS,Vibrio cholerae in shrimp from Ecuador,Vibrio cholerae  - {pathogenic micro-organisms},Vibrio cholerae in shrimp from Ecuador | Vibrio cholerae  - {pathogenic micro-organisms},2025.10116
Vietnam,2025-02-05 15:49:24,Other,Presence of the allergen egg in frozen breaded shrimps from Vietnam,egg  undeclared - {allergens},Presence of the allergen egg in frozen breaded shrimps from Vietnam | egg  undeclared - {allergens},2025.08
Ecuador,2025-01-15 12:21:05,Other,langostino de origen Ecuador con contenido en diÃ³xido de azufre superior a la normativa comunitaria-shrimp of Ecuador origin with sulfur dioxide content higher than community regulations ,E220- sulfur dioxide  too high content - {food additives and flavourings},langostino de origen Ecuador con contenido en diÃ³xido de azufre superior a la normativa comunitaria-shrimp of Ecuador origin with sulfur dioxide content higher than community regulations  | E220- sulfur dioxide  too high content - {food additives and flavourings},2025.0254
India,2025-01-13 09:24:15,SPS,Nitrofurans (AMOZ) in shrimp from India,nitrofuran (metabolite) furaltadone (AMOZ) prohibited substance - {residues of veterinary medicinal products},Nitrofurans (AMOZ) in shrimp from India | nitrofuran (metabolite) furaltadone (AMOZ) prohibited substance - {residues of veterinary medicinal products},2025.0192
Ecuador,2024-12-19 16:28:57,Other,Exceedance of the maximum SOâ content in unprocessed frozen shrimps from Ecuador,sulphite  too high content - {food additives and flavourings},Exceedance of the maximum SOâ content in unprocessed frozen shrimps from Ecuador | sulphite  too high content - {food additives and flavourings},2024.9427
India,2024-12-10 11:41:06,SPS,Nitrofuran metabolite furazolidone in frozen prawns from India,nitrofuran (metabolite) furazolidone (AOZ) prohibited substance - {residues of veterinary medicinal products},Nitrofuran metabolite furazolidone in frozen prawns from India | nitrofuran (metabolite) furazolidone (AOZ) prohibited substance - {residues of veterinary medicinal products},2024.909
Vietnam,2024-12-09 11:44:14,SPS,sulfamethoxazole in shrimps from Vietnam,sulfamethoxazole  residue level above MRL - {residues of veterinary medicinal products},sulfamethoxazole in shrimps from Vietnam | sulfamethoxazole  residue level above MRL - {residues of veterinary medicinal products},2024.9053
Ecuador,2024-12-03 08:33:38,SPS,Vibrio vulnificus in frozen shrimps from Ecuador,Vibrio vulnificus  - {pathogenic micro-organisms},Vibrio vulnificus in frozen shrimps from Ecuador | Vibrio vulnificus  - {pathogenic micro-organisms},2024.8908
Vietnam,2024-11-18 12:18:49,SPS,Tetracycline in shrimps from Vietnam,tetracycline  residue level above MRL - {residues of veterinary medicinal products},Tetracycline in shrimps from Vietnam | tetracycline  residue level above MRL - {residues of veterinary medicinal products},2024.8485
Ecuador,2024-11-13 09:40:24,Other,Higher sulfite content in frozen raw shrimp  ,sulphite  too high content - {food additives and flavourings},Higher sulfite content in frozen raw shrimp   | sulphite  too high content - {food additives and flavourings},2024.8367
India,2024-11-08 10:38:04,SPS,Presence of Vibrio vulnificus in frozen raw whole shrimps from India,"Vibrio cholerae  - {pathogenic micro-organisms},Vibrio parahaemolyticus  - {pathogenic micro-organisms},Vibrio vulnificus  - {pathogenic micro-organisms}","Presence of Vibrio vulnificus in frozen raw whole shrimps from India | Vibrio cholerae  - {pathogenic micro-organisms},Vibrio parahaemolyticus  - {pathogenic micro-organisms},Vibrio vulnificus  - {pathogenic micro-organisms}",2024.8269
Vietnam,2024-10-31 15:42:25,Other,Illegal use of additive E223 in shrimp chips from Vietnam,sulphite  unauthorised - {food additives and flavourings},Illegal use of additive E223 in shrimp chips from Vietnam | sulphite  unauthorised - {food additives and flavourings},2024.8096
Vietnam,2024-10-15 14:36:05,SPS,"Pharmacologically active substances doxycycline, sulfamethoxazole and tetracycline in shrimps from Vietnam","doxycycline  residue level above MRL - {residues of veterinary medicinal products},sulfamethoxazole  unauthorised - {residues of veterinary medicinal products},tetracycline  residue level above MRL - {residues of veterinary medicinal products}","Pharmacologically active substances doxycycline, sulfamethoxazole and tetracycline in shrimps from Vietnam | doxycycline  residue level above MRL - {residues of veterinary medicinal products},sulfamethoxazole  unauthorised - {residues of veterinary medicinal products},tetracycline  residue level above MRL - {residues of veterinary medicinal products}",2024.7553
Vietnam,2024-10-11 16:48:57,SPS,oxytetracycline in prawns,oxytetracycline  residue level above MRL - {residues of veterinary medicinal products},oxytetracycline in prawns | oxytetracycline  residue level above MRL - {residues of veterinary medicinal products},2024.751
Ecuador,2024-10-02 15:18:06,Other,detection of sulphites above the threshold in whole frozen prawns,sulphite  too high content - {food additives and flavourings},detection of sulphites above the threshold in whole frozen prawns | sulphite  too high content - {food additives and flavourings},2024.7284
Ecuador,2024-09-19 16:09:33,SPS,Vibrio cholerae and vibrio parahaemolyticus in frozen raw white shrimps (Penaeus vannamei) from Ecuador,"Vibrio cholerae  - {pathogenic micro-organisms},Vibrio parahaemolyticus  - {pathogenic micro-organisms}","Vibrio cholerae and vibrio parahaemolyticus in frozen raw white shrimps (Penaeus vannamei) from Ecuador | Vibrio cholerae  - {pathogenic micro-organisms},Vibrio parahaemolyticus  - {pathogenic micro-organisms}",2024.6996
Ecuador,2024-09-12 09:49:13,SPS,Vibrio vulnificus in defrost whole raw prawns from Ecuador,Vibrio vulnificus  - {pathogenic micro-organisms},Vibrio vulnificus in defrost whole raw prawns from Ecuador | Vibrio vulnificus  - {pathogenic micro-organisms},2024.6843
Ecuador,2024-09-11 14:25:41,SPS,Vibrio cholerae and parahaemolyticus in shrimps from Ecuador,"Vibrio cholerae  - {pathogenic micro-organisms},Vibrio parahaemolyticus  - {pathogenic micro-organisms}","Vibrio cholerae and parahaemolyticus in shrimps from Ecuador | Vibrio cholerae  - {pathogenic micro-organisms},Vibrio parahaemolyticus  - {pathogenic micro-organisms}",2024.6825
Vietnam,2024-07-26 16:16:47,Other,Presence of the allergen egg in battered prawns from Vietnam,egg  undeclared - {allergens},Presence of the allergen egg in battered prawns from Vietnam | egg  undeclared - {allergens},2024.5781
India,2024-07-24 10:20:13,SPS,Nitrofuran (AOZ) in raw shrimps from India,nitrofuran (metabolite) furazolidone (AOZ) prohibited substance - {residues of veterinary medicinal products},Nitrofuran (AOZ) in raw shrimps from India | nitrofuran (metabolite) furazolidone (AOZ) prohibited substance - {residues of veterinary medicinal products},2024.5678
India,2024-07-15 09:15:51,SPS,Nitrofurans (AOZ) in shrimp from India,nitrofuran (metabolite) furazolidone (AOZ) prohibited substance - {residues of veterinary medicinal products},Nitrofurans (AOZ) in shrimp from India | nitrofuran (metabolite) furazolidone (AOZ) prohibited substance - {residues of veterinary medicinal products},2024.5381
Vietnam,2024-06-28 09:55:27,SPS,Vibrio parahaemolyticus in frozen prawns,Vibrio parahaemolyticus  - {pathogenic micro-organisms},Vibrio parahaemolyticus in frozen prawns | Vibrio parahaemolyticus  - {pathogenic micro-organisms},2024.496
Vietnam,2024-06-25 16:06:50,SPS,Vibrio vulnificus in shrimps from Vietnam,"Vibrio parahaemolyticus  - {pathogenic micro-organisms},Vibrio vulnificus  - {pathogenic micro-organisms}","Vibrio vulnificus in shrimps from Vietnam | Vibrio parahaemolyticus  - {pathogenic micro-organisms},Vibrio vulnificus  - {pathogenic micro-organisms}",2024.4864
Vietnam,2024-06-24 16:53:14,Other,Presencia del alÃ©rgeno (huevo) en langostinos rebozados de Vietnam. Presence of the allergen egg in battered prawns from Vietnam. ,egg  undeclared - {allergens},Presencia del alÃ©rgeno (huevo) en langostinos rebozados de Vietnam. Presence of the allergen egg in battered prawns from Vietnam.  | egg  undeclared - {allergens},2024.4841
Ecuador,2024-05-22 16:47:56,SPS,Vibrio vulnificus in frozen prawns,Vibrio vulnificus  - {pathogenic micro-organisms},Vibrio vulnificus in frozen prawns | Vibrio vulnificus  - {pathogenic micro-organisms},2024.3985
Vietnam,2024-05-02 17:31:13,SPS,Detection of 3-amino-2-oxazolidinone (AOZ) in white tiger prawns from Vietnam,nitrofuran (metabolite) furazolidone (AOZ) prohibited substance - {residues of veterinary medicinal products},Detection of 3-amino-2-oxazolidinone (AOZ) in white tiger prawns from Vietnam | nitrofuran (metabolite) furazolidone (AOZ) prohibited substance - {residues of veterinary medicinal products},2024.3519
Ecuador,2024-04-23 09:18:11,SPS,Presenza di Vibrio Vulnificus in gamberi di acquacoltura origine Ecuador/Presence of Vibrio vulnificus in frozen aquaculture shrimp (Litopenaeus vannamei) from Ecuador,Vibrio vulnificus  - {pathogenic micro-organisms},Presenza di Vibrio Vulnificus in gamberi di acquacoltura origine Ecuador/Presence of Vibrio vulnificus in frozen aquaculture shrimp (Litopenaeus vannamei) from Ecuador | Vibrio vulnificus  - {pathogenic micro-organisms},2024.3226
India,2024-04-18 09:49:53,SPS,Nitrofurans (AOZ) in shrimps from India,nitrofuran (metabolite) furazolidone (AOZ) prohibited substance - {residues of veterinary medicinal products},Nitrofurans (AOZ) in shrimps from India | nitrofuran (metabolite) furazolidone (AOZ) prohibited substance - {residues of veterinary medicinal products},2024.3111
India,2024-04-10 15:28:12,SPS,Unauthorised substance leucomalachite green in frozen black tiger prawns from India,leucomalachite green prohibited substance - {residues of veterinary medicinal products},Unauthorised substance leucomalachite green in frozen black tiger prawns from India | leucomalachite green prohibited substance - {residues of veterinary medicinal products},2024.2848
Vietnam,2024-04-05 13:20:34,SPS, leucomalachite green and leucocristall violet in shrimps from Vietnam,"leucocrystal violet  unauthorised substance - {residues of veterinary medicinal products},leucomalachite green prohibited substance - {residues of veterinary medicinal products}"," leucomalachite green and leucocristall violet in shrimps from Vietnam | leucocrystal violet  unauthorised substance - {residues of veterinary medicinal products},leucomalachite green prohibited substance - {residues of veterinary medicinal products}",2024.2687
Vietnam,2024-03-22 16:11:13,SPS,Ternidazole in shrimps from Vietnam,ternidazole prohibited substance - {residues of veterinary medicinal products},Ternidazole in shrimps from Vietnam | ternidazole prohibited substance - {residues of veterinary medicinal products},2024.2265
Ecuador,2024-03-05 16:42:15,TBT,Sulphite not (correctly) mentioned as allergen on label of shrimps from Ecuador,sulphite  improperly declared - {allergens},Sulphite not (correctly) mentioned as allergen on label of shrimps from Ecuador | sulphite  improperly declared - {allergens},2024.1585
India,2024-02-21 16:44:17,TBT,Sulphite not mentioned as allergen on label of shrimps from India,sulphite  improperly declared - {allergens},Sulphite not mentioned as allergen on label of shrimps from India | sulphite  improperly declared - {allergens},2024.1212
Ecuador,2024-02-08 15:48:33,Other,too high content of sulphite in chilled cooked whiteleg shrimps (Litopenaeus vannamei) from Ecuador,sulphite  too high content - {food additives and flavourings},too high content of sulphite in chilled cooked whiteleg shrimps (Litopenaeus vannamei) from Ecuador | sulphite  too high content - {food additives and flavourings},2024.0909
Ecuador,2024-02-06 09:08:17,SPS,Vibrio cholerae in frozen raw shrimps from Ecuador,Vibrio cholerae  - {pathogenic micro-organisms},Vibrio cholerae in frozen raw shrimps from Ecuador | Vibrio cholerae  - {pathogenic micro-organisms},2024.0806
India,2024-01-26 10:38:30,TBT,Sulphite not mentioned as allergen on label of shrimps from India,sulphite  improperly declared - {allergens},Sulphite not mentioned as allergen on label of shrimps from India | sulphite  improperly declared - {allergens},2024.058
Ecuador,2024-01-19 17:37:38,SPS,Vibrio vulnificus in frozen prawns,Vibrio vulnificus  - {pathogenic micro-organisms},Vibrio vulnificus in frozen prawns | Vibrio vulnificus  - {pathogenic micro-organisms},2024.0436
India,2024-01-12 16:47:14,SPS,Vibrio vulnificus in frozen wild prawns,Vibrio vulnificus  - {pathogenic micro-organisms},Vibrio vulnificus in frozen wild prawns | Vibrio vulnificus  - {pathogenic micro-organisms},2024.0269
India,2024-01-04 15:52:35,SPS,Detection of Vibrio Vulnificus in Frozen Raw Peeled Shrimp Tails from India,Vibrio vulnificus  - {pathogenic micro-organisms},Detection of Vibrio Vulnificus in Frozen Raw Peeled Shrimp Tails from India | Vibrio vulnificus  - {pathogenic micro-organisms},2024.0084
Vietnam,2023-12-18 16:52:29,SPS,Residues of Antimicrobials in Prawns,tetracycline  residue level above MRL - {residues of veterinary medicinal products},Residues of Antimicrobials in Prawns | tetracycline  residue level above MRL - {residues of veterinary medicinal products},2023.8727
India,2023-12-14 15:32:35,SPS,Presence of vibrio in fozen shrimp (raw),Vibrio vulnificus  - {pathogenic micro-organisms},Presence of vibrio in fozen shrimp (raw) | Vibrio vulnificus  - {pathogenic micro-organisms},2023.8639
India,2023-12-08 17:11:03,SPS,vibrio vulnificus in raw shrimp tails ,Vibrio vulnificus  - {pathogenic micro-organisms},vibrio vulnificus in raw shrimp tails  | Vibrio vulnificus  - {pathogenic micro-organisms},2023.8484
India,2023-12-01 15:24:22,SPS,"Listeria monocytogenes in cooked frozen shrimps from India, imported via France",Listeria monocytogenes  - {pathogenic micro-organisms},"Listeria monocytogenes in cooked frozen shrimps from India, imported via France | Listeria monocytogenes  - {pathogenic micro-organisms}",2023.8298
India,2023-11-24 10:30:15,TBT,Sulfite not mentioned as allergen on label in shrimps from India,sulphite  improperly declared - {allergens},Sulfite not mentioned as allergen on label in shrimps from India | sulphite  improperly declared - {allergens},2023.8128
India,2023-11-17 15:12:00,TBT,Presenza di solfiti non dichiarati in etichetta in code di gambero surgelate-Presence of allergen (sulphites)  undeclared on the label in frozen shrimp tails from India,sulphite  improperly declared - {allergens},Presenza di solfiti non dichiarati in etichetta in code di gambero surgelate-Presence of allergen (sulphites)  undeclared on the label in frozen shrimp tails from India | sulphite  improperly declared - {allergens},2023.7966
India,2023-10-30 16:49:33,SPS,Ternidazole in shrimps from India,ternidazole prohibited substance - {residues of veterinary medicinal products},Ternidazole in shrimps from India | ternidazole prohibited substance - {residues of veterinary medicinal products},2023.7408
Vietnam,2023-10-25 16:46:03,SPS,Doxycyclin in shrimps,doxycycline  residue level above MRL - {residues of veterinary medicinal products},Doxycyclin in shrimps | doxycycline  residue level above MRL - {residues of veterinary medicinal products},2023.7284
Ecuador,2023-10-10 12:43:04,SPS,Vibrio cholerae in shrimps from Ecuator,Vibrio cholerae  - {pathogenic micro-organisms},Vibrio cholerae in shrimps from Ecuator | Vibrio cholerae  - {pathogenic micro-organisms},2023.6865
Ecuador,2023-10-10 11:45:21,SPS,Vibrio cholerae in shrimps from Ecuator,Vibrio cholerae  - {pathogenic micro-organisms},Vibrio cholerae in shrimps from Ecuator | Vibrio cholerae  - {pathogenic micro-organisms},2023.6862
Ecuador,2023-10-02 11:32:52,SPS,Presencia de Vibrio Cholerae en langostinos crudos de Ecuador/ Presence of Vibrio Cholerae in raw shrimp from Ecuador.   ,Vibrio cholerae  - {pathogenic micro-organisms},Presencia de Vibrio Cholerae en langostinos crudos de Ecuador/ Presence of Vibrio Cholerae in raw shrimp from Ecuador.    | Vibrio cholerae  - {pathogenic micro-organisms},2023.6645
Ecuador,2023-09-21 12:37:44,SPS,Vibrio cholerae en langostinosde Ecuador / Vibrio cholerae in 25g shrimps from Ecuador,Vibrio cholerae  - {pathogenic micro-organisms},Vibrio cholerae en langostinosde Ecuador / Vibrio cholerae in 25g shrimps from Ecuador | Vibrio cholerae  - {pathogenic micro-organisms},2023.6407
Ecuador,2023-09-13 08:31:31,SPS,Vibrio cholerae in shrimps from Ecuador,Vibrio cholerae  - {pathogenic micro-organisms},Vibrio cholerae in shrimps from Ecuador | Vibrio cholerae  - {pathogenic micro-organisms},2023.6203
Ecuador,2023-09-05 16:54:56,SPS,Vibrio vulnificus in frozen pilled shrimp,Vibrio vulnificus  - {pathogenic micro-organisms},Vibrio vulnificus in frozen pilled shrimp | Vibrio vulnificus  - {pathogenic micro-organisms},2023.6058
Ecuador,2023-09-05 14:44:48,SPS,Vibrio cholerae en langostino de Ecuador// Vibrio cholerae in shrimps from Ecuador.,Vibrio cholerae  - {pathogenic micro-organisms},Vibrio cholerae en langostino de Ecuador// Vibrio cholerae in shrimps from Ecuador. | Vibrio cholerae  - {pathogenic micro-organisms},2023.6052
Ecuador,2023-08-30 14:55:18,SPS,Vibrio cholerae en langostinos de Ecuador. Vibrio cholerae in shrimps from Ecuador. ,"Vibrio cholerae  - {pathogenic micro-organisms},Vibrio cholerae NON O:1/NON O:139  - {pathogenic micro-organisms}","Vibrio cholerae en langostinos de Ecuador. Vibrio cholerae in shrimps from Ecuador.  | Vibrio cholerae  - {pathogenic micro-organisms},Vibrio cholerae NON O:1/NON O:139  - {pathogenic micro-organisms}",2023.588
Vietnam,2023-08-28 14:43:06,SPS,Malachite green and leucomalachitegreen in frozen shrimp,leucomalachite green prohibited substance - {residues of veterinary medicinal products},Malachite green and leucomalachitegreen in frozen shrimp | leucomalachite green prohibited substance - {residues of veterinary medicinal products},2023.5811
Ecuador,2023-08-24 14:40:07,Other,Sulfites detected in peeled shrimp tail,sulphite  too high content - {food additives and flavourings},Sulfites detected in peeled shrimp tail | sulphite  too high content - {food additives and flavourings},2023.5741
Ecuador,2023-08-16 14:29:04,SPS,Vibrio cholerae en langostinos congelados de Ecuador. Vibrio cholerae in frozen shrimp from Ecuador.,Vibrio cholerae  - {pathogenic micro-organisms},Vibrio cholerae en langostinos congelados de Ecuador. Vibrio cholerae in frozen shrimp from Ecuador. | Vibrio cholerae  - {pathogenic micro-organisms},2023.554
Ecuador,2023-08-16 12:05:06,SPS,Vibrio cholerae en langostinos congelados de Ecuador. Vibrio cholerae in frozen shrimps from Ecuador,Vibrio cholerae  - {pathogenic micro-organisms},Vibrio cholerae en langostinos congelados de Ecuador. Vibrio cholerae in frozen shrimps from Ecuador | Vibrio cholerae  - {pathogenic micro-organisms},2023.5532
Ecuador,2023-08-08 17:23:00,Other,To high content of sulphite in frozen shrimp from Ecuador,sulphite  too high content - {food additives and flavourings},To high content of sulphite in frozen shrimp from Ecuador | sulphite  too high content - {food additives and flavourings},2023.5376
Ecuador,2023-08-08 17:22:36,Other,To high content of sulphite in frozen shrimp from Ecuador,sulphite  too high content - {food additives and flavourings},To high content of sulphite in frozen shrimp from Ecuador | sulphite  too high content - {food additives and flavourings},2023.5375
Ecuador,2023-08-08 17:21:49,Other,To high content of sulphite in frozen shrimp from Ecuador,sulphite  too high content - {food additives and flavourings},To high content of sulphite in frozen shrimp from Ecuador | sulphite  too high content - {food additives and flavourings},2023.5374
Ecuador,2023-08-08 12:42:10,SPS,Vibrio cholerae in frozen shrimps from Ecuador,Vibrio cholerae  - {pathogenic micro-organisms},Vibrio cholerae in frozen shrimps from Ecuador | Vibrio cholerae  - {pathogenic micro-organisms},2023.5354
Ecuador,2023-08-04 13:19:46,SPS,Vibrio cholerae en langostinos de Ecuador. Vibrio cholerae in shrimps from Ecuador,Vibrio cholerae  - {pathogenic micro-organisms},Vibrio cholerae en langostinos de Ecuador. Vibrio cholerae in shrimps from Ecuador | Vibrio cholerae  - {pathogenic micro-organisms},2023.53
Ecuador,2023-08-03 14:28:47,SPS,Vibrio cholerae en langostinos congelados de Ecuador. Vibrio cholera in frozen shrimps from Ecuador,Vibrio cholerae  - {pathogenic micro-organisms},Vibrio cholerae en langostinos congelados de Ecuador. Vibrio cholera in frozen shrimps from Ecuador | Vibrio cholerae  - {pathogenic micro-organisms},2023.5276
Ecuador,2023-08-03 14:12:06,SPS,Vibrio cholerae en langostinos congelados de Ecuador. Vibrio cholerae in frozen shrimps from Ecuador,Vibrio cholerae  - {pathogenic micro-organisms},Vibrio cholerae en langostinos congelados de Ecuador. Vibrio cholerae in frozen shrimps from Ecuador | Vibrio cholerae  - {pathogenic micro-organisms},2023.5274
Ecuador,2023-08-03 14:11:31,SPS,DetecciÃ³n de Vibrio cholerae en 25 g en langostinos de Ecuador. Detection of Vibrio cholerae in shrimps from Ecuador,Vibrio cholerae  - {pathogenic micro-organisms},DetecciÃ³n de Vibrio cholerae en 25 g en langostinos de Ecuador. Detection of Vibrio cholerae in shrimps from Ecuador | Vibrio cholerae  - {pathogenic micro-organisms},2023.5273
Ecuador,2023-08-03 13:00:16,SPS,Vibrio cholerae en langostinos congelados de Ecuador.Vibrio cholerae in frozen shrimps from Ecuador,Vibrio cholerae  - {pathogenic micro-organisms},Vibrio cholerae en langostinos congelados de Ecuador.Vibrio cholerae in frozen shrimps from Ecuador | Vibrio cholerae  - {pathogenic micro-organisms},2023.5262
Ecuador,2023-08-02 15:15:58,SPS,V.cholerae en langostinos de Ecuador. Vibrio cholerae in shrimps from Ecuador,Vibrio cholerae  - {pathogenic micro-organisms},V.cholerae en langostinos de Ecuador. Vibrio cholerae in shrimps from Ecuador | Vibrio cholerae  - {pathogenic micro-organisms},2023.5229
Ecuador,2023-07-26 12:05:52,TBT,"Sulphites in chilled cooked whiteleg shrimps (Penaeus vannamei) from Ecuador, packaged in Spain",sulphite  too high content - {food additives and flavourings},"Sulphites in chilled cooked whiteleg shrimps (Penaeus vannamei) from Ecuador, packaged in Spain | sulphite  too high content - {food additives and flavourings}",2023.5033
Ecuador,2023-07-25 15:23:15,SPS,Vibrio cholerae in Pacific white shrimps from Ecuador.,Vibrio cholerae  - {pathogenic micro-organisms},Vibrio cholerae in Pacific white shrimps from Ecuador. | Vibrio cholerae  - {pathogenic micro-organisms},2023.5006
Ecuador,2023-07-25 15:19:57,SPS,Vibrio cholerae en langostinos congelados de Ecuador. Vibrio cholerae in frozen shrimps from Ecuador,Vibrio cholerae  - {pathogenic micro-organisms},Vibrio cholerae en langostinos congelados de Ecuador. Vibrio cholerae in frozen shrimps from Ecuador | Vibrio cholerae  - {pathogenic micro-organisms},2023.5004
Ecuador,2023-07-25 15:19:26,SPS,"ContaminaciÃ³n microbiolÃ³gica (Vibrio cholerae), langostinos congelados, Ecuador. Microbiological contamination (Vibrio cholerae), frozen shrimps, Ecuador",Vibrio cholerae  - {pathogenic micro-organisms},"ContaminaciÃ³n microbiolÃ³gica (Vibrio cholerae), langostinos congelados, Ecuador. Microbiological contamination (Vibrio cholerae), frozen shrimps, Ecuador | Vibrio cholerae  - {pathogenic micro-organisms}",2023.5003
Ecuador,2023-07-18 12:57:41,SPS,Vibrio cholerae in shrimps from Ecuador,Vibrio cholerae  - {pathogenic micro-organisms},Vibrio cholerae in shrimps from Ecuador | Vibrio cholerae  - {pathogenic micro-organisms},2023.4826
Ecuador,2023-07-18 12:45:19,SPS,Vibrio cholerae in shrimps from Ecuador,Vibrio cholerae  - {pathogenic micro-organisms},Vibrio cholerae in shrimps from Ecuador | Vibrio cholerae  - {pathogenic micro-organisms},2023.4824
Ecuador,2023-07-07 16:43:25,Other,Overlimited sulfites in frozen whole tropical shrimp(Litopenaeus vannamei),sulphite  too high content - {food additives and flavourings},Overlimited sulfites in frozen whole tropical shrimp(Litopenaeus vannamei) | sulphite  too high content - {food additives and flavourings},2023.4592
Ecuador,2023-07-03 12:59:18,SPS,presence of vibrio vulnificus in frozen prawns of Ecuador originpresenza di vibrio vulnificus in gamberi congelati origine Ecuador,Vibrio vulnificus  - {pathogenic micro-organisms},presence of vibrio vulnificus in frozen prawns of Ecuador originpresenza di vibrio vulnificus in gamberi congelati origine Ecuador | Vibrio vulnificus  - {pathogenic micro-organisms},2023.444
Vietnam,2023-06-30 10:00:50,SPS,Exceedance of Doxycycline in Vannamei shrimp from Vietnam,doxycycline  residue level above MRL - {residues of veterinary medicinal products},Exceedance of Doxycycline in Vannamei shrimp from Vietnam | doxycycline  residue level above MRL - {residues of veterinary medicinal products},2023.4408
India,2023-06-19 14:51:53,SPS,nitrofurans (AOZ) in shrimps from India,nitrofuran (metabolite) furazolidone (AOZ) prohibited substance - {residues of veterinary medicinal products},nitrofurans (AOZ) in shrimps from India | nitrofuran (metabolite) furazolidone (AOZ) prohibited substance - {residues of veterinary medicinal products},2023.4117
Ecuador,2023-06-15 15:45:38,SPS,Vibrio cholerae en langostinos de Ecuador // Vibrio cholerae in shrimps from Ecuador,Vibrio cholerae  - {pathogenic micro-organisms},Vibrio cholerae en langostinos de Ecuador // Vibrio cholerae in shrimps from Ecuador | Vibrio cholerae  - {pathogenic micro-organisms},2023.4038
Ecuador,2023-06-15 15:45:11,SPS,Vibrio cholerae detectado en 25g de Langostinos gÃ©nero Penaeus de Ecuador / Vibrio cholerae detected in 25g of shrimps Penaeus spp. from Ecuador,Vibrio cholerae  - {pathogenic micro-organisms},Vibrio cholerae detectado en 25g de Langostinos gÃ©nero Penaeus de Ecuador / Vibrio cholerae detected in 25g of shrimps Penaeus spp. from Ecuador | Vibrio cholerae  - {pathogenic micro-organisms},2023.4037
Ecuador,2023-06-13 16:58:51,Other,Elevated levels of declared sulphites in Tiger prawns from Ecuador via Italy,sulphite  too high content - {food additives and flavourings},Elevated levels of declared sulphites in Tiger prawns from Ecuador via Italy | sulphite  too high content - {food additives and flavourings},2023.3981
Vietnam,2023-06-08 17:10:56,SPS,Pacific white shrimps from Vietnam via Latvia Salmonella Brunei,Salmonella Brunei  - {pathogenic micro-organisms},Pacific white shrimps from Vietnam via Latvia Salmonella Brunei | Salmonella Brunei  - {pathogenic micro-organisms},2023.384
Ecuador,2023-06-02 09:56:10,SPS,Shrimps (Litopenaeus vannamei) - Vibrio parahaemolyticus,Vibrio parahaemolyticus  - {pathogenic micro-organisms},Shrimps (Litopenaeus vannamei) - Vibrio parahaemolyticus | Vibrio parahaemolyticus  - {pathogenic micro-organisms},2023.3709
Ecuador,2023-05-22 15:24:30,SPS,Vibrio Cholerae en langostinos (litopenaeus vannamei) de Ecuador/ Vibrio cholerae in prawns from Ecuador,Vibrio cholerae  - {pathogenic micro-organisms},Vibrio Cholerae en langostinos (litopenaeus vannamei) de Ecuador/ Vibrio cholerae in prawns from Ecuador | Vibrio cholerae  - {pathogenic micro-organisms},2023.3394
India,2023-05-19 12:50:58,SPS,furazolidon (aoz) in shrimps from India,furazolidon   - {residues of veterinary medicinal products},furazolidon (aoz) in shrimps from India | furazolidon   - {residues of veterinary medicinal products},2023.3348
Vietnam,2023-05-17 09:37:00,SPS,furazolidon (aoz) in shrimps,furazolidon   - {residues of veterinary medicinal products},furazolidon (aoz) in shrimps | furazolidon   - {residues of veterinary medicinal products},2023.3267
Ecuador,2023-05-12 16:56:06,SPS,Vibrio in Blue Moon Frozen Shrimp from Ecuador,"Vibrio cholerae  - {pathogenic micro-organisms},Vibrio parahaemolyticus  - {pathogenic micro-organisms}","Vibrio in Blue Moon Frozen Shrimp from Ecuador | Vibrio cholerae  - {pathogenic micro-organisms},Vibrio parahaemolyticus  - {pathogenic micro-organisms}",2023.3189
Ecuador,2023-05-08 19:07:26,SPS,Vibrio cholerae en langostinos de Ecuador // Vibrio cholerae in shrimps from Ecuador,Vibrio cholerae  - {pathogenic micro-organisms},Vibrio cholerae en langostinos de Ecuador // Vibrio cholerae in shrimps from Ecuador | Vibrio cholerae  - {pathogenic micro-organisms},2023.3023
Ecuador,2023-05-05 10:45:12,SPS,Vibrio cholerae en langostinos de Ecuador // Vibrio cholerae in shrimps from Ecuador,Vibrio cholerae  - {pathogenic micro-organisms},Vibrio cholerae en langostinos de Ecuador // Vibrio cholerae in shrimps from Ecuador | Vibrio cholerae  - {pathogenic micro-organisms},2023.295
Ecuador,2023-04-28 16:28:06,SPS,CONSIGNMENT of frozen shrimps from Equador,Vibrio cholerae  - {pathogenic micro-organisms},CONSIGNMENT of frozen shrimps from Equador | Vibrio cholerae  - {pathogenic micro-organisms},2023.2828
India,2023-04-27 14:17:49,SPS,nitrofurans (AOZ) in shrimps from India,nitrofuran (metabolite) furazolidone (AOZ) prohibited substance - {residues of veterinary medicinal products},nitrofurans (AOZ) in shrimps from India | nitrofuran (metabolite) furazolidone (AOZ) prohibited substance - {residues of veterinary medicinal products},2023.2797
Ecuador,2023-04-03 14:55:56,SPS,presence of vibrio parahaemolyticus in frozen aquaculture shrimps,Vibrio parahaemolyticus  - {pathogenic micro-organisms},presence of vibrio parahaemolyticus in frozen aquaculture shrimps | Vibrio parahaemolyticus  - {pathogenic micro-organisms},2023.2261
Ecuador,2023-03-28 11:10:52,SPS,DetecciÃ³n de Vibrio cholerae en langostino de Ecuador // Detection of Vibrio cholerae in shrimps from Ecuador,Vibrio cholerae  - {pathogenic micro-organisms},DetecciÃ³n de Vibrio cholerae en langostino de Ecuador // Detection of Vibrio cholerae in shrimps from Ecuador | Vibrio cholerae  - {pathogenic micro-organisms},2023.2086
Vietnam,2023-03-24 17:19:58,SPS,Nitrofuran (metabolite) in frozen raw vannamei shrimp from Vietnam,nitrofuran (metabolite) furazolidone (AOZ) prohibited substance - {residues of veterinary medicinal products},Nitrofuran (metabolite) in frozen raw vannamei shrimp from Vietnam | nitrofuran (metabolite) furazolidone (AOZ) prohibited substance - {residues of veterinary medicinal products},2023.204
Ecuador,2023-03-08 17:22:26,SPS,Presencia de Vibrio Cholerae en langostinos congelados de Ecuador // Presence of Vibrio Cholerae in frozen shrimps from Ecuador. ,Vibrio cholerae  - {pathogenic micro-organisms},Presencia de Vibrio Cholerae en langostinos congelados de Ecuador // Presence of Vibrio Cholerae in frozen shrimps from Ecuador.  | Vibrio cholerae  - {pathogenic micro-organisms},2023.1629
Vietnam,2023-01-27 19:51:37,SPS,sulphite undeclared on frozen raw whiteleg shrimp tails (Penaeus vannamei) from Vietnam,sulphur  unauthorised substance - {chemical contamination (other)},sulphite undeclared on frozen raw whiteleg shrimp tails (Penaeus vannamei) from Vietnam | sulphur  unauthorised substance - {chemical contamination (other)},2023.0669
Ecuador,2022-12-21 14:30:55,SPS,Vibrio cholerae en langostinos de Ecuador. Vibrio cholerae in shrimps from Ecuador,Vibrio cholerae NON O:1/NON O:139  - {pathogenic micro-organisms},Vibrio cholerae en langostinos de Ecuador. Vibrio cholerae in shrimps from Ecuador | Vibrio cholerae NON O:1/NON O:139  - {pathogenic micro-organisms},2022.7473
India,2022-10-27 13:03:26,SPS,"Vibrio vulnificus (detected /25g) in frozen shrimp from India, via Belgium",Vibrio vulnificus  - {pathogenic micro-organisms},"Vibrio vulnificus (detected /25g) in frozen shrimp from India, via Belgium | Vibrio vulnificus  - {pathogenic micro-organisms}",2022.6169
Ecuador,2022-10-11 14:39:17,SPS,Vibrio vulnificus in frozen raw shrimp from Ecuador,Vibrio vulnificus  - {pathogenic micro-organisms},Vibrio vulnificus in frozen raw shrimp from Ecuador | Vibrio vulnificus  - {pathogenic micro-organisms},2022.59
India,2022-10-10 13:25:08,SPS,Nitrofurans (AOZ) in shrimps from India,nitrofuran (metabolite) furazolidone (AOZ) prohibited substance - {residues of veterinary medicinal products},Nitrofurans (AOZ) in shrimps from India | nitrofuran (metabolite) furazolidone (AOZ) prohibited substance - {residues of veterinary medicinal products},2022.5868
India,2022-09-30 15:59:29,SPS,Detection of vibrio in a batch of shrimp,Vibrio vulnificus  - {pathogenic micro-organisms},Detection of vibrio in a batch of shrimp | Vibrio vulnificus  - {pathogenic micro-organisms},2022.5691
Ecuador,2022-09-20 11:32:49,SPS,detection of vibrio vulnifucis in a batch of shrimp,Vibrio vulnificus  - {pathogenic micro-organisms},detection of vibrio vulnifucis in a batch of shrimp | Vibrio vulnificus  - {pathogenic micro-organisms},2022.5452
Vietnam,2022-09-16 15:28:29,SPS,"Unauthorized substance ciprofloxacin in shrimp skewers from Vietnam, via Singapore",ciprofloxacin  residue level above MRL - {residues of veterinary medicinal products},"Unauthorized substance ciprofloxacin in shrimp skewers from Vietnam, via Singapore | ciprofloxacin  residue level above MRL - {residues of veterinary medicinal products}",2022.5409
Ecuador,2022-09-14 09:24:48,SPS,Detection of vibrio vulnificus in frozen raw shrimps,Vibrio vulnificus  - {pathogenic micro-organisms},Detection of vibrio vulnificus in frozen raw shrimps | Vibrio vulnificus  - {pathogenic micro-organisms},2022.5347
Vietnam,2022-09-08 14:25:22,SPS,"Vibrio cholerae, vibrio parahaemolyticus and vibrio vulnificus detected in frozen shrimps from Vietnam","Vibrio cholerae  - {pathogenic micro-organisms},Vibrio parahaemolyticus  - {pathogenic micro-organisms},Vibrio vulnificus  - {pathogenic micro-organisms}","Vibrio cholerae, vibrio parahaemolyticus and vibrio vulnificus detected in frozen shrimps from Vietnam | Vibrio cholerae  - {pathogenic micro-organisms},Vibrio parahaemolyticus  - {pathogenic micro-organisms},Vibrio vulnificus  - {pathogenic micro-organisms}",2022.522
Ecuador,2022-08-31 14:04:03,SPS,Detection of vibrio vulnificus in frozen raw shrimps ,"Vibrio parahaemolyticus  - {pathogenic micro-organisms},Vibrio vulnificus  - {pathogenic micro-organisms}","Detection of vibrio vulnificus in frozen raw shrimps  | Vibrio parahaemolyticus  - {pathogenic micro-organisms},Vibrio vulnificus  - {pathogenic micro-organisms}",2022.5039
Ecuador,2022-08-25 16:16:17,SPS,Vibrio vulnificus in shrimp from Ecuador / V. vulnificus in creveti din Ecuador,Vibrio vulnificus  - {pathogenic micro-organisms},Vibrio vulnificus in shrimp from Ecuador / V. vulnificus in creveti din Ecuador | Vibrio vulnificus  - {pathogenic micro-organisms},2022.4916
Ecuador,2022-08-16 12:56:06,SPS, Detection of vibrio vulnificus in frozen raw shrimps ,Vibrio vulnificus  - {pathogenic micro-organisms}, Detection of vibrio vulnificus in frozen raw shrimps  | Vibrio vulnificus  - {pathogenic micro-organisms},2022.4743
Ecuador,2022-07-29 15:18:15,SPS,Detection of vibrio vulnificus in frozen raw shrimps,Vibrio vulnificus  - {pathogenic micro-organisms},Detection of vibrio vulnificus in frozen raw shrimps | Vibrio vulnificus  - {pathogenic micro-organisms},2022.4439
Ecuador,2022-07-04 15:50:24,SPS,Vibrio cholerae in frozen shrimps from Ecuador,Vibrio   - {pathogenic micro-organisms},Vibrio cholerae in frozen shrimps from Ecuador | Vibrio   - {pathogenic micro-organisms},2022.3879
Ecuador,2022-06-03 19:32:20,SPS,Presence of Vibrio cholerae in shrimps from Ecuador,Vibrio cholerae NON O:1  - {pathogenic micro-organisms},Presence of Vibrio cholerae in shrimps from Ecuador | Vibrio cholerae NON O:1  - {pathogenic micro-organisms},2022.3309
Ecuador,2022-06-03 16:17:07,SPS,Vibrio cholerae in shrimps from Ecuador ,Vibrio cholerae  - {pathogenic micro-organisms},Vibrio cholerae in shrimps from Ecuador  | Vibrio cholerae  - {pathogenic micro-organisms},2022.3297
India,2022-05-20 15:23:32,Other,Intense foul smell of frozen shrimps from India,spoilage   - {organoleptic aspects},Intense foul smell of frozen shrimps from India | spoilage   - {organoleptic aspects},2022.2983
Ecuador,2022-05-19 00:39:24,SPS,Vibrio cholerae in prawns from Ecuador,Vibrio cholerae NON O:1/NON O:139  - {pathogenic micro-organisms},Vibrio cholerae in prawns from Ecuador | Vibrio cholerae NON O:1/NON O:139  - {pathogenic micro-organisms},2022.2927
Ecuador,2022-03-09 17:11:33,SPS,Vibrio vulnificus - Shrimp from Equator,Vibrio vulnificus  - {pathogenic micro-organisms},Vibrio vulnificus - Shrimp from Equator | Vibrio vulnificus  - {pathogenic micro-organisms},2022.1401
Vietnam,2022-03-01 16:59:00,SPS,Listeria Monocytogenes in frozen Vannamei Shrimp,Listeria monocytogenes  - {pathogenic micro-organisms},Listeria Monocytogenes in frozen Vannamei Shrimp | Listeria monocytogenes  - {pathogenic micro-organisms},2022.1202
Ecuador,2021-12-28 15:34:24,SPS,Vibrio cholerae (presence /25g) in frozen prawns (Litopenaeus vannamei) from Ecuador,Vibrio cholerae NON O:1/NON O:139  - {pathogenic micro-organisms},Vibrio cholerae (presence /25g) in frozen prawns (Litopenaeus vannamei) from Ecuador | Vibrio cholerae NON O:1/NON O:139  - {pathogenic micro-organisms},2021.7183
India,2021-09-07 14:19:41,SPS,Prohibited substance nitrofuran (metabolite) furazolidone (AOZ) in frozen shrimps from India ,nitrofuran (metabolite) furazolidone (AOZ) prohibited substance - {residues of veterinary medicinal products},Prohibited substance nitrofuran (metabolite) furazolidone (AOZ) in frozen shrimps from India  | nitrofuran (metabolite) furazolidone (AOZ) prohibited substance - {residues of veterinary medicinal products},2021.4776
Ecuador,2021-08-13 09:00:05,SPS,sulphur dioxide in shrimps from Ecuador,"E220- sulfur dioxide  too high content - {food additives and flavourings},sulphur dioxide (SO2)   - {chemical contamination (other)}","sulphur dioxide in shrimps from Ecuador | E220- sulfur dioxide  too high content - {food additives and flavourings},sulphur dioxide (SO2)   - {chemical contamination (other)}",2021.4327
Vietnam,2021-07-28 15:11:27,Other,sulphite (16.7 mg/kg - ppm) undeclared on frozen shrimps (Litopenaeus vannamei) from Vietnam,sulphite  undeclared - {allergens},sulphite (16.7 mg/kg - ppm) undeclared on frozen shrimps (Litopenaeus vannamei) from Vietnam | sulphite  undeclared - {allergens},2021.399
India,2021-07-26 10:33:31,SPS,Vibrio parahaemolyticus (toxR+ tdh+ trh+ /25g) in frozen peeled shrimps from India,Vibrio parahaemolyticus  - {pathogenic micro-organisms},Vibrio parahaemolyticus (toxR+ tdh+ trh+ /25g) in frozen peeled shrimps from India | Vibrio parahaemolyticus  - {pathogenic micro-organisms},2021.3925
Ecuador,2021-07-12 17:49:32,Other,too high content of sulphite (405 mg/kg - ppm) in frozen prawn tails from Ecuador,sulphite  too high content - {food additives and flavourings},too high content of sulphite (405 mg/kg - ppm) in frozen prawn tails from Ecuador | sulphite  too high content - {food additives and flavourings},2021.3699
India,2021-07-07 16:49:52,SPS,chloramphenicol in frozen blanched shrimps from India,chloramphenicol  prohibited substance - {residues of veterinary medicinal products},chloramphenicol in frozen blanched shrimps from India | chloramphenicol  prohibited substance - {residues of veterinary medicinal products},2021.3588
Ecuador,2021-07-05 10:22:50,SPS,SO2 por encima de limites max Langostinos de Ecuador // SO2 exceeds  limit max in prawn from Ecuador,sulphur dioxide (SO2)   - {chemical contamination (other)},SO2 por encima de limites max Langostinos de Ecuador // SO2 exceeds  limit max in prawn from Ecuador | sulphur dioxide (SO2)   - {chemical contamination (other)},2021.3514
India,2021-05-21 16:12:53,SPS,Salmonella in gambero indopacifico/salmonella in frozen blanched shrimps (Parapenaeopsis stylifera) from India ,Salmonella spp.  - {pathogenic micro-organisms},Salmonella in gambero indopacifico/salmonella in frozen blanched shrimps (Parapenaeopsis stylifera) from India  | Salmonella spp.  - {pathogenic micro-organisms},2021.2592
Ecuador,2021-05-14 11:07:30,Other,Sulfites prawns from Ecuador / Sulfitos en langostinos de Ecuador,E220- sulfur dioxide  too high content - {food additives and flavourings},Sulfites prawns from Ecuador / Sulfitos en langostinos de Ecuador | E220- sulfur dioxide  too high content - {food additives and flavourings},2021.2412
India,2021-05-07 16:20:34,SPS,Cristall Violet in Shrimps,crystal violet  unauthorised substance - {residues of veterinary medicinal products},Cristall Violet in Shrimps | crystal violet  unauthorised substance - {residues of veterinary medicinal products},2021.2308
Vietnam,2021-04-08 15:17:20,SPS,Vibrio parahaemolyticus (and virulence factor TDH gene) detected in shrimps (Penaeus monodon) from Vietnam,Vibrio parahaemolyticus  - {pathogenic micro-organisms},Vibrio parahaemolyticus (and virulence factor TDH gene) detected in shrimps (Penaeus monodon) from Vietnam | Vibrio parahaemolyticus  - {pathogenic micro-organisms},2021.1759
India,2021-03-19 16:55:40,SPS,Nitrofurans (furazolidon) in shrimps from India,furazolidon   - {residues of veterinary medicinal products},Nitrofurans (furazolidon) in shrimps from India | furazolidon   - {residues of veterinary medicinal products},2021.1444
Vietnam,2021-02-09 17:07:41,SPS,Sulfamethoxazol in frozen shrimps (Litopenaeus vannamei) from Vietnam,sulfamethoxazole  unauthorised - {residues of veterinary medicinal products},Sulfamethoxazol in frozen shrimps (Litopenaeus vannamei) from Vietnam | sulfamethoxazole  unauthorised - {residues of veterinary medicinal products},2021.066
Vietnam,2020-12-18 15:43:17,SPS,Residues of oxytetracycline in frozen shrimp skewers from Vietnam,oxytetracycline  residue level above MRL - {residues of veterinary medicinal products},Residues of oxytetracycline in frozen shrimp skewers from Vietnam | oxytetracycline  residue level above MRL - {residues of veterinary medicinal products},2020.5881
Vietnam,2020-11-18 16:10:54,SPS,Vibrio parahaemolyticus in frozen Raw Headless Shell-On Shrimps (Penaeus vannamei) from Vietnam via Czech Republic,Vibrio parahaemolyticus  - {pathogenic micro-organisms},Vibrio parahaemolyticus in frozen Raw Headless Shell-On Shrimps (Penaeus vannamei) from Vietnam via Czech Republic | Vibrio parahaemolyticus  - {pathogenic micro-organisms},2020.5101
Vietnam,2020-10-27 10:00:51,Other,Polyphosphates (E452) in frozen tiger prawns from Vietnam,E 452 - polyphosphates  too high content - {food additives and flavourings},Polyphosphates (E452) in frozen tiger prawns from Vietnam | E 452 - polyphosphates  too high content - {food additives and flavourings},2020.4559
India,2020-08-11 13:19:26,SPS,prohibited substance nitrofuran (metabolite) furazolidone (AOZ) in frozen shrimps from India,nitrofuran (metabolite) furazolidone (AOZ) prohibited substance - {residues of veterinary medicinal products},prohibited substance nitrofuran (metabolite) furazolidone (AOZ) in frozen shrimps from India | nitrofuran (metabolite) furazolidone (AOZ) prohibited substance - {residues of veterinary medicinal products},2020.3224
Vietnam,2020-06-24 08:00:39,SPS,Vibrio cholerae in prawns from Vietnam,Vibrio cholerae  - {pathogenic micro-organisms},Vibrio cholerae in prawns from Vietnam | Vibrio cholerae  - {pathogenic micro-organisms},2020.2568
Ecuador,2020-06-23 17:32:57,TBT,unauthorised feed additive E 324 - ethoxyquin and too high content of E 250 - sodium nitrite in shrimp meal from Ecuador,"ethoxyquin  no definition - {composition},nitrite  too high content - {environmental pollutants}","unauthorised feed additive E 324 - ethoxyquin and too high content of E 250 - sodium nitrite in shrimp meal from Ecuador | ethoxyquin  no definition - {composition},nitrite  too high content - {environmental pollutants}",2020.2566
India,2020-04-21 09:28:42,SPS,Nitrofurans in aquaculture shrimps from India,nitrofuran (metabolite) furazolidone (AOZ) prohibited substance - {residues of veterinary medicinal products},Nitrofurans in aquaculture shrimps from India | nitrofuran (metabolite) furazolidone (AOZ) prohibited substance - {residues of veterinary medicinal products},2020.1699
India,2020-03-30 15:08:44,SPS,Furazolidon in frozen shrimps from India,nitrofuran (metabolite) furazolidone (AOZ) prohibited substance - {residues of veterinary medicinal products},Furazolidon in frozen shrimps from India | nitrofuran (metabolite) furazolidone (AOZ) prohibited substance - {residues of veterinary medicinal products},2020.1445
